,x
1,human4_lib1.final_cell_0001
2,human4_lib1.final_cell_0002
3,human4_lib1.final_cell_0003
4,human4_lib1.final_cell_0004
5,human4_lib1.final_cell_0005
6,human4_lib1.final_cell_0006
7,human4_lib1.final_cell_0007
8,human4_lib1.final_cell_0008
9,human4_lib1.final_cell_0009
10,human4_lib1.final_cell_0010
11,human4_lib1.final_cell_0011
12,human4_lib1.final_cell_0012
13,human4_lib1.final_cell_0013
14,human4_lib1.final_cell_0014
15,human4_lib1.final_cell_0015
16,human4_lib1.final_cell_0016
17,human4_lib1.final_cell_0017
18,human4_lib1.final_cell_0018
19,human4_lib1.final_cell_0019
20,human4_lib1.final_cell_0020
21,human4_lib1.final_cell_0021
22,human4_lib1.final_cell_0022
23,human4_lib1.final_cell_0023
24,human4_lib1.final_cell_0024
25,human4_lib1.final_cell_0025
26,human4_lib1.final_cell_0026
27,human4_lib1.final_cell_0027
28,human4_lib1.final_cell_0028
29,human4_lib1.final_cell_0029
30,human4_lib1.final_cell_0030
31,human4_lib1.final_cell_0031
32,human4_lib1.final_cell_0032
33,human4_lib1.final_cell_0033
34,human4_lib1.final_cell_0034
35,human4_lib1.final_cell_0035
36,human4_lib1.final_cell_0036
37,human4_lib1.final_cell_0037
38,human4_lib1.final_cell_0038
39,human4_lib1.final_cell_0039
40,human4_lib1.final_cell_0040
41,human4_lib1.final_cell_0041
42,human4_lib1.final_cell_0042
43,human4_lib1.final_cell_0043
44,human4_lib1.final_cell_0044
45,human4_lib1.final_cell_0045
46,human4_lib1.final_cell_0046
47,human4_lib1.final_cell_0047
48,human4_lib1.final_cell_0048
49,human4_lib1.final_cell_0049
50,human4_lib1.final_cell_0050
51,human4_lib1.final_cell_0051
52,human4_lib1.final_cell_0052
53,human4_lib1.final_cell_0053
54,human4_lib1.final_cell_0054
55,human4_lib1.final_cell_0055
56,human4_lib1.final_cell_0056
57,human4_lib1.final_cell_0057
58,human4_lib1.final_cell_0058
59,human4_lib1.final_cell_0059
60,human4_lib1.final_cell_0060
61,human4_lib1.final_cell_0061
62,human4_lib1.final_cell_0062
63,human4_lib1.final_cell_0063
64,human4_lib1.final_cell_0064
65,human4_lib1.final_cell_0065
66,human4_lib1.final_cell_0066
67,human4_lib1.final_cell_0067
68,human4_lib1.final_cell_0068
69,human4_lib1.final_cell_0069
70,human4_lib1.final_cell_0070
71,human4_lib1.final_cell_0071
72,human4_lib1.final_cell_0072
73,human4_lib1.final_cell_0073
74,human4_lib1.final_cell_0074
75,human4_lib1.final_cell_0075
76,human4_lib1.final_cell_0076
77,human4_lib1.final_cell_0077
78,human4_lib1.final_cell_0078
79,human4_lib1.final_cell_0079
80,human4_lib1.final_cell_0080
81,human4_lib1.final_cell_0081
82,human4_lib1.final_cell_0082
83,human4_lib1.final_cell_0083
84,human4_lib1.final_cell_0084
85,human4_lib1.final_cell_0085
86,human4_lib1.final_cell_0086
87,human4_lib1.final_cell_0087
88,human4_lib1.final_cell_0088
89,human4_lib1.final_cell_0089
90,human4_lib1.final_cell_0090
91,human4_lib1.final_cell_0091
92,human4_lib1.final_cell_0092
93,human4_lib1.final_cell_0093
94,human4_lib1.final_cell_0094
95,human4_lib1.final_cell_0095
96,human4_lib1.final_cell_0096
97,human4_lib1.final_cell_0097
98,human4_lib1.final_cell_0098
99,human4_lib1.final_cell_0099
100,human4_lib1.final_cell_0100
101,human4_lib1.final_cell_0101
102,human4_lib1.final_cell_0102
103,human4_lib1.final_cell_0103
104,human4_lib1.final_cell_0104
105,human4_lib1.final_cell_0105
106,human4_lib1.final_cell_0106
107,human4_lib1.final_cell_0107
108,human4_lib1.final_cell_0108
109,human4_lib1.final_cell_0109
110,human4_lib1.final_cell_0110
111,human4_lib1.final_cell_0111
112,human4_lib1.final_cell_0112
113,human4_lib1.final_cell_0113
114,human4_lib1.final_cell_0114
115,human4_lib1.final_cell_0115
116,human4_lib1.final_cell_0116
117,human4_lib1.final_cell_0117
118,human4_lib1.final_cell_0118
119,human4_lib1.final_cell_0119
120,human4_lib1.final_cell_0120
121,human4_lib1.final_cell_0121
122,human4_lib1.final_cell_0122
123,human4_lib1.final_cell_0123
124,human4_lib1.final_cell_0124
125,human4_lib1.final_cell_0125
126,human4_lib1.final_cell_0126
127,human4_lib1.final_cell_0127
128,human4_lib1.final_cell_0128
129,human4_lib1.final_cell_0129
130,human4_lib1.final_cell_0130
131,human4_lib1.final_cell_0131
132,human4_lib1.final_cell_0132
133,human4_lib1.final_cell_0133
134,human4_lib1.final_cell_0134
135,human4_lib1.final_cell_0135
136,human4_lib1.final_cell_0136
137,human4_lib1.final_cell_0137
138,human4_lib1.final_cell_0138
139,human4_lib1.final_cell_0139
140,human4_lib1.final_cell_0140
141,human4_lib1.final_cell_0141
142,human4_lib1.final_cell_0142
143,human4_lib1.final_cell_0143
144,human4_lib1.final_cell_0144
145,human4_lib1.final_cell_0145
146,human4_lib1.final_cell_0146
147,human4_lib1.final_cell_0147
148,human4_lib1.final_cell_0148
149,human4_lib1.final_cell_0149
150,human4_lib1.final_cell_0150
151,human4_lib1.final_cell_0151
152,human4_lib1.final_cell_0152
153,human4_lib1.final_cell_0153
154,human4_lib1.final_cell_0154
155,human4_lib1.final_cell_0155
156,human4_lib1.final_cell_0156
157,human4_lib1.final_cell_0157
158,human4_lib1.final_cell_0158
159,human4_lib1.final_cell_0159
160,human4_lib1.final_cell_0160
161,human4_lib1.final_cell_0161
162,human4_lib1.final_cell_0162
163,human4_lib1.final_cell_0163
164,human4_lib1.final_cell_0164
165,human4_lib1.final_cell_0165
166,human4_lib1.final_cell_0166
167,human4_lib1.final_cell_0167
168,human4_lib1.final_cell_0168
169,human4_lib1.final_cell_0169
170,human4_lib1.final_cell_0170
171,human4_lib1.final_cell_0171
172,human4_lib1.final_cell_0172
173,human4_lib1.final_cell_0173
174,human4_lib1.final_cell_0174
175,human4_lib1.final_cell_0175
176,human4_lib1.final_cell_0176
177,human4_lib1.final_cell_0177
178,human4_lib1.final_cell_0178
179,human4_lib1.final_cell_0179
180,human4_lib1.final_cell_0180
181,human4_lib1.final_cell_0181
182,human4_lib1.final_cell_0182
183,human4_lib1.final_cell_0183
184,human4_lib1.final_cell_0184
185,human4_lib1.final_cell_0185
186,human4_lib1.final_cell_0186
187,human4_lib1.final_cell_0187
188,human4_lib1.final_cell_0188
189,human4_lib1.final_cell_0189
190,human4_lib1.final_cell_0190
191,human4_lib1.final_cell_0191
192,human4_lib1.final_cell_0192
193,human4_lib1.final_cell_0193
194,human4_lib1.final_cell_0194
195,human4_lib1.final_cell_0195
196,human4_lib1.final_cell_0196
197,human4_lib1.final_cell_0197
198,human4_lib1.final_cell_0198
199,human4_lib1.final_cell_0199
200,human4_lib1.final_cell_0200
201,human4_lib1.final_cell_0201
202,human4_lib1.final_cell_0202
203,human4_lib1.final_cell_0203
204,human4_lib1.final_cell_0204
205,human4_lib1.final_cell_0205
206,human4_lib1.final_cell_0206
207,human4_lib1.final_cell_0207
208,human4_lib1.final_cell_0208
209,human4_lib1.final_cell_0209
210,human4_lib1.final_cell_0210
211,human4_lib1.final_cell_0211
212,human4_lib1.final_cell_0212
213,human4_lib1.final_cell_0213
214,human4_lib1.final_cell_0214
215,human4_lib1.final_cell_0215
216,human4_lib1.final_cell_0216
217,human4_lib1.final_cell_0217
218,human4_lib1.final_cell_0218
219,human4_lib1.final_cell_0219
220,human4_lib1.final_cell_0220
221,human4_lib1.final_cell_0221
222,human4_lib1.final_cell_0222
223,human4_lib1.final_cell_0223
224,human4_lib1.final_cell_0224
225,human4_lib1.final_cell_0225
226,human4_lib1.final_cell_0226
227,human4_lib1.final_cell_0227
228,human4_lib1.final_cell_0228
229,human4_lib1.final_cell_0229
230,human4_lib1.final_cell_0230
231,human4_lib1.final_cell_0231
232,human4_lib1.final_cell_0232
233,human4_lib1.final_cell_0233
234,human4_lib1.final_cell_0234
235,human4_lib1.final_cell_0235
236,human4_lib1.final_cell_0236
237,human4_lib1.final_cell_0237
238,human4_lib1.final_cell_0238
239,human4_lib1.final_cell_0239
240,human4_lib1.final_cell_0240
241,human4_lib1.final_cell_0241
242,human4_lib1.final_cell_0242
243,human4_lib1.final_cell_0243
244,human4_lib1.final_cell_0244
245,human4_lib1.final_cell_0245
246,human4_lib1.final_cell_0246
247,human4_lib1.final_cell_0247
248,human4_lib1.final_cell_0248
249,human4_lib1.final_cell_0249
250,human4_lib1.final_cell_0250
251,human4_lib1.final_cell_0251
252,human4_lib1.final_cell_0252
253,human4_lib1.final_cell_0253
254,human4_lib1.final_cell_0254
255,human4_lib1.final_cell_0255
256,human4_lib1.final_cell_0256
257,human4_lib1.final_cell_0257
258,human4_lib1.final_cell_0258
259,human4_lib1.final_cell_0259
260,human4_lib1.final_cell_0260
261,human4_lib1.final_cell_0261
262,human4_lib1.final_cell_0262
263,human4_lib1.final_cell_0263
264,human4_lib1.final_cell_0264
265,human4_lib1.final_cell_0265
266,human4_lib1.final_cell_0266
267,human4_lib1.final_cell_0267
268,human4_lib1.final_cell_0268
269,human4_lib1.final_cell_0269
270,human4_lib1.final_cell_0270
271,human4_lib1.final_cell_0271
272,human4_lib1.final_cell_0272
273,human4_lib1.final_cell_0273
274,human4_lib1.final_cell_0274
275,human4_lib1.final_cell_0275
276,human4_lib1.final_cell_0276
277,human4_lib1.final_cell_0277
278,human4_lib1.final_cell_0278
279,human4_lib1.final_cell_0279
280,human4_lib1.final_cell_0280
281,human4_lib1.final_cell_0281
282,human4_lib1.final_cell_0282
283,human4_lib1.final_cell_0283
284,human4_lib1.final_cell_0284
285,human4_lib1.final_cell_0285
286,human4_lib1.final_cell_0286
287,human4_lib1.final_cell_0287
288,human4_lib1.final_cell_0288
289,human4_lib1.final_cell_0289
290,human4_lib1.final_cell_0290
291,human4_lib1.final_cell_0291
292,human4_lib1.final_cell_0292
293,human4_lib1.final_cell_0293
294,human4_lib1.final_cell_0294
295,human4_lib1.final_cell_0295
296,human4_lib1.final_cell_0296
297,human4_lib1.final_cell_0297
298,human4_lib1.final_cell_0298
299,human4_lib1.final_cell_0299
300,human4_lib1.final_cell_0300
301,human4_lib1.final_cell_0301
302,human4_lib1.final_cell_0302
303,human4_lib1.final_cell_0303
304,human4_lib1.final_cell_0304
305,human4_lib1.final_cell_0305
306,human4_lib1.final_cell_0306
307,human4_lib1.final_cell_0307
308,human4_lib1.final_cell_0308
309,human4_lib1.final_cell_0309
310,human4_lib1.final_cell_0310
311,human4_lib1.final_cell_0311
312,human4_lib1.final_cell_0312
313,human4_lib1.final_cell_0313
314,human4_lib1.final_cell_0314
315,human4_lib1.final_cell_0315
316,human4_lib1.final_cell_0316
317,human4_lib1.final_cell_0317
318,human4_lib1.final_cell_0318
319,human4_lib1.final_cell_0319
320,human4_lib1.final_cell_0320
321,human4_lib1.final_cell_0321
322,human4_lib1.final_cell_0322
323,human4_lib1.final_cell_0323
324,human4_lib1.final_cell_0324
325,human4_lib1.final_cell_0325
326,human4_lib1.final_cell_0326
327,human4_lib1.final_cell_0327
328,human4_lib1.final_cell_0328
329,human4_lib1.final_cell_0329
330,human4_lib1.final_cell_0330
331,human4_lib1.final_cell_0331
332,human4_lib1.final_cell_0332
333,human4_lib1.final_cell_0333
334,human4_lib1.final_cell_0334
335,human4_lib1.final_cell_0335
336,human4_lib1.final_cell_0336
337,human4_lib1.final_cell_0337
338,human4_lib1.final_cell_0338
339,human4_lib1.final_cell_0339
340,human4_lib1.final_cell_0340
341,human4_lib1.final_cell_0341
342,human4_lib1.final_cell_0342
343,human4_lib1.final_cell_0343
344,human4_lib1.final_cell_0344
345,human4_lib1.final_cell_0345
346,human4_lib1.final_cell_0346
347,human4_lib1.final_cell_0347
348,human4_lib1.final_cell_0348
349,human4_lib1.final_cell_0349
350,human4_lib1.final_cell_0350
351,human4_lib1.final_cell_0351
352,human4_lib1.final_cell_0352
353,human4_lib1.final_cell_0353
354,human4_lib1.final_cell_0354
355,human4_lib1.final_cell_0355
356,human4_lib1.final_cell_0356
357,human4_lib1.final_cell_0357
358,human4_lib1.final_cell_0358
359,human4_lib1.final_cell_0359
360,human4_lib1.final_cell_0360
361,human4_lib1.final_cell_0361
362,human4_lib1.final_cell_0362
363,human4_lib1.final_cell_0363
364,human4_lib1.final_cell_0364
365,human4_lib1.final_cell_0365
366,human4_lib1.final_cell_0366
367,human4_lib1.final_cell_0367
368,human4_lib1.final_cell_0368
369,human4_lib1.final_cell_0369
370,human4_lib1.final_cell_0370
371,human4_lib1.final_cell_0371
372,human4_lib1.final_cell_0372
373,human4_lib1.final_cell_0373
374,human4_lib1.final_cell_0374
375,human4_lib1.final_cell_0375
376,human4_lib1.final_cell_0376
377,human4_lib1.final_cell_0377
378,human4_lib1.final_cell_0378
379,human4_lib1.final_cell_0379
380,human4_lib1.final_cell_0380
381,human4_lib1.final_cell_0381
382,human4_lib1.final_cell_0382
383,human4_lib1.final_cell_0383
384,human4_lib1.final_cell_0384
385,human4_lib1.final_cell_0385
386,human4_lib1.final_cell_0386
387,human4_lib1.final_cell_0387
388,human4_lib1.final_cell_0388
389,human4_lib1.final_cell_0389
390,human4_lib1.final_cell_0390
391,human4_lib1.final_cell_0391
392,human4_lib1.final_cell_0392
393,human4_lib1.final_cell_0393
394,human4_lib1.final_cell_0394
395,human4_lib1.final_cell_0395
396,human4_lib1.final_cell_0396
397,human4_lib1.final_cell_0397
398,human4_lib1.final_cell_0398
399,human4_lib1.final_cell_0399
400,human4_lib1.final_cell_0400
401,human4_lib1.final_cell_0401
402,human4_lib1.final_cell_0402
403,human4_lib1.final_cell_0403
404,human4_lib1.final_cell_0404
405,human4_lib1.final_cell_0405
406,human4_lib1.final_cell_0406
407,human4_lib1.final_cell_0407
408,human4_lib1.final_cell_0408
409,human4_lib1.final_cell_0409
410,human4_lib1.final_cell_0410
411,human4_lib1.final_cell_0411
412,human4_lib1.final_cell_0412
413,human4_lib1.final_cell_0413
414,human4_lib1.final_cell_0414
415,human4_lib1.final_cell_0415
416,human4_lib1.final_cell_0416
417,human4_lib1.final_cell_0417
418,human4_lib1.final_cell_0418
419,human4_lib1.final_cell_0419
420,human4_lib1.final_cell_0420
421,human4_lib1.final_cell_0421
422,human4_lib1.final_cell_0422
423,human4_lib1.final_cell_0423
424,human4_lib1.final_cell_0424
425,human4_lib1.final_cell_0425
426,human4_lib1.final_cell_0426
427,human4_lib1.final_cell_0427
428,human4_lib1.final_cell_0428
429,human4_lib1.final_cell_0429
430,human4_lib1.final_cell_0430
431,human4_lib1.final_cell_0431
432,human4_lib1.final_cell_0432
433,human4_lib1.final_cell_0433
434,human4_lib1.final_cell_0434
435,human4_lib1.final_cell_0435
436,human4_lib1.final_cell_0436
437,human4_lib1.final_cell_0437
438,human4_lib1.final_cell_0438
439,human4_lib1.final_cell_0439
440,human4_lib1.final_cell_0440
441,human4_lib1.final_cell_0441
442,human4_lib1.final_cell_0442
443,human4_lib1.final_cell_0443
444,human4_lib1.final_cell_0444
445,human4_lib1.final_cell_0445
446,human4_lib1.final_cell_0446
447,human4_lib1.final_cell_0447
448,human4_lib1.final_cell_0448
449,human4_lib1.final_cell_0449
450,human4_lib1.final_cell_0450
451,human4_lib1.final_cell_0451
452,human4_lib1.final_cell_0452
453,human4_lib1.final_cell_0453
454,human4_lib1.final_cell_0454
455,human4_lib1.final_cell_0455
456,human4_lib1.final_cell_0456
457,human4_lib1.final_cell_0457
458,human4_lib1.final_cell_0458
459,human4_lib1.final_cell_0459
460,human4_lib1.final_cell_0460
461,human4_lib1.final_cell_0461
462,human4_lib1.final_cell_0462
463,human4_lib1.final_cell_0463
464,human4_lib1.final_cell_0464
465,human4_lib1.final_cell_0465
466,human4_lib1.final_cell_0466
467,human4_lib1.final_cell_0467
468,human4_lib1.final_cell_0468
469,human4_lib1.final_cell_0469
470,human4_lib1.final_cell_0470
471,human4_lib1.final_cell_0471
472,human4_lib1.final_cell_0472
473,human4_lib1.final_cell_0473
474,human4_lib1.final_cell_0474
475,human4_lib1.final_cell_0475
476,human4_lib1.final_cell_0476
477,human4_lib1.final_cell_0477
478,human4_lib1.final_cell_0478
479,human4_lib1.final_cell_0479
480,human4_lib1.final_cell_0480
481,human4_lib1.final_cell_0481
482,human4_lib1.final_cell_0482
483,human4_lib1.final_cell_0483
484,human4_lib1.final_cell_0484
485,human4_lib1.final_cell_0485
486,human4_lib1.final_cell_0486
487,human4_lib1.final_cell_0487
488,human4_lib1.final_cell_0488
489,human4_lib1.final_cell_0489
490,human4_lib1.final_cell_0490
491,human4_lib1.final_cell_0491
492,human4_lib1.final_cell_0492
493,human4_lib1.final_cell_0493
494,human4_lib1.final_cell_0494
495,human4_lib1.final_cell_0495
496,human4_lib1.final_cell_0496
497,human4_lib1.final_cell_0497
498,human4_lib1.final_cell_0498
499,human4_lib1.final_cell_0499
500,human4_lib1.final_cell_0500
501,human4_lib1.final_cell_0501
502,human4_lib1.final_cell_0502
503,human4_lib1.final_cell_0503
504,human4_lib1.final_cell_0504
505,human4_lib1.final_cell_0505
506,human4_lib1.final_cell_0506
507,human4_lib1.final_cell_0507
508,human4_lib1.final_cell_0508
509,human4_lib1.final_cell_0509
510,human4_lib1.final_cell_0510
511,human4_lib1.final_cell_0511
512,human4_lib1.final_cell_0512
513,human4_lib1.final_cell_0513
514,human4_lib1.final_cell_0514
515,human4_lib1.final_cell_0515
516,human4_lib1.final_cell_0516
517,human4_lib1.final_cell_0517
518,human4_lib1.final_cell_0518
519,human4_lib1.final_cell_0519
520,human4_lib1.final_cell_0520
521,human4_lib1.final_cell_0521
522,human4_lib1.final_cell_0522
523,human4_lib1.final_cell_0523
524,human4_lib1.final_cell_0524
525,human4_lib1.final_cell_0525
526,human4_lib1.final_cell_0526
527,human4_lib1.final_cell_0527
528,human4_lib1.final_cell_0528
529,human4_lib1.final_cell_0529
530,human4_lib1.final_cell_0530
531,human4_lib1.final_cell_0531
532,human4_lib1.final_cell_0532
533,human4_lib1.final_cell_0533
534,human4_lib1.final_cell_0534
535,human4_lib1.final_cell_0535
536,human4_lib1.final_cell_0536
537,human4_lib1.final_cell_0537
538,human4_lib1.final_cell_0538
539,human4_lib1.final_cell_0539
540,human4_lib1.final_cell_0540
541,human4_lib1.final_cell_0541
542,human4_lib1.final_cell_0542
543,human4_lib1.final_cell_0543
544,human4_lib1.final_cell_0544
545,human4_lib1.final_cell_0545
546,human4_lib1.final_cell_0546
547,human4_lib1.final_cell_0547
548,human4_lib1.final_cell_0548
549,human4_lib1.final_cell_0549
550,human4_lib1.final_cell_0550
551,human4_lib1.final_cell_0551
552,human4_lib1.final_cell_0552
553,human4_lib1.final_cell_0553
554,human4_lib1.final_cell_0554
555,human4_lib1.final_cell_0555
556,human4_lib1.final_cell_0556
557,human4_lib1.final_cell_0557
558,human4_lib1.final_cell_0558
559,human4_lib1.final_cell_0559
560,human4_lib1.final_cell_0560
561,human4_lib1.final_cell_0561
562,human4_lib1.final_cell_0562
563,human4_lib1.final_cell_0563
564,human4_lib1.final_cell_0564
565,human4_lib1.final_cell_0565
566,human4_lib1.final_cell_0566
567,human4_lib1.final_cell_0567
568,human4_lib1.final_cell_0568
569,human4_lib1.final_cell_0569
570,human4_lib1.final_cell_0570
571,human4_lib1.final_cell_0571
572,human4_lib1.final_cell_0572
573,human4_lib1.final_cell_0573
574,human4_lib1.final_cell_0574
575,human4_lib1.final_cell_0575
576,human4_lib1.final_cell_0576
577,human4_lib1.final_cell_0577
578,human4_lib1.final_cell_0578
579,human4_lib1.final_cell_0579
580,human4_lib1.final_cell_0580
581,human4_lib1.final_cell_0581
582,human4_lib1.final_cell_0582
583,human4_lib1.final_cell_0583
584,human4_lib1.final_cell_0584
585,human4_lib1.final_cell_0585
586,human4_lib1.final_cell_0586
587,human4_lib1.final_cell_0587
588,human4_lib1.final_cell_0588
589,human4_lib1.final_cell_0589
590,human4_lib1.final_cell_0590
591,human4_lib1.final_cell_0591
592,human4_lib1.final_cell_0592
593,human4_lib1.final_cell_0593
594,human4_lib1.final_cell_0594
595,human4_lib1.final_cell_0595
596,human4_lib1.final_cell_0596
597,human4_lib1.final_cell_0597
598,human4_lib1.final_cell_0598
599,human4_lib1.final_cell_0599
600,human4_lib1.final_cell_0600
601,human4_lib1.final_cell_0601
602,human4_lib1.final_cell_0602
603,human4_lib3.final_cell_0001
604,human4_lib3.final_cell_0002
605,human4_lib3.final_cell_0003
606,human4_lib3.final_cell_0004
607,human4_lib3.final_cell_0005
608,human4_lib3.final_cell_0006
609,human4_lib3.final_cell_0007
610,human4_lib3.final_cell_0008
611,human4_lib3.final_cell_0009
612,human4_lib3.final_cell_0010
613,human4_lib3.final_cell_0011
614,human4_lib3.final_cell_0012
615,human4_lib3.final_cell_0013
616,human4_lib3.final_cell_0014
617,human4_lib3.final_cell_0015
618,human4_lib3.final_cell_0016
619,human4_lib3.final_cell_0017
620,human4_lib3.final_cell_0018
621,human4_lib3.final_cell_0019
622,human4_lib3.final_cell_0020
623,human4_lib3.final_cell_0021
624,human4_lib3.final_cell_0022
625,human4_lib3.final_cell_0023
626,human4_lib3.final_cell_0024
627,human4_lib3.final_cell_0025
628,human4_lib3.final_cell_0026
629,human4_lib3.final_cell_0027
630,human4_lib3.final_cell_0028
631,human4_lib3.final_cell_0029
632,human4_lib3.final_cell_0030
633,human4_lib3.final_cell_0031
634,human4_lib3.final_cell_0032
635,human4_lib3.final_cell_0033
636,human4_lib3.final_cell_0034
637,human4_lib3.final_cell_0035
638,human4_lib3.final_cell_0036
639,human4_lib3.final_cell_0037
640,human4_lib3.final_cell_0038
641,human4_lib3.final_cell_0039
642,human4_lib3.final_cell_0040
643,human4_lib3.final_cell_0041
644,human4_lib3.final_cell_0042
645,human4_lib3.final_cell_0043
646,human4_lib3.final_cell_0044
647,human4_lib3.final_cell_0045
648,human4_lib3.final_cell_0046
649,human4_lib3.final_cell_0047
650,human4_lib3.final_cell_0048
651,human4_lib3.final_cell_0049
652,human4_lib3.final_cell_0050
653,human4_lib3.final_cell_0051
654,human4_lib3.final_cell_0052
655,human4_lib3.final_cell_0053
656,human4_lib3.final_cell_0054
657,human4_lib3.final_cell_0055
658,human4_lib3.final_cell_0056
659,human4_lib3.final_cell_0057
660,human4_lib3.final_cell_0058
661,human4_lib3.final_cell_0059
662,human4_lib3.final_cell_0060
663,human4_lib3.final_cell_0061
664,human4_lib3.final_cell_0062
665,human4_lib3.final_cell_0063
666,human4_lib3.final_cell_0064
667,human4_lib3.final_cell_0065
668,human4_lib3.final_cell_0066
669,human4_lib3.final_cell_0067
670,human4_lib3.final_cell_0068
671,human4_lib3.final_cell_0069
672,human4_lib3.final_cell_0070
673,human4_lib3.final_cell_0071
674,human4_lib3.final_cell_0072
675,human4_lib3.final_cell_0073
676,human4_lib3.final_cell_0074
677,human4_lib3.final_cell_0075
678,human4_lib3.final_cell_0076
679,human4_lib3.final_cell_0077
680,human4_lib3.final_cell_0078
681,human4_lib3.final_cell_0079
682,human4_lib3.final_cell_0080
683,human4_lib3.final_cell_0081
684,human4_lib3.final_cell_0082
685,human4_lib3.final_cell_0083
686,human4_lib3.final_cell_0084
687,human4_lib3.final_cell_0085
688,human4_lib3.final_cell_0086
689,human4_lib3.final_cell_0087
690,human4_lib3.final_cell_0088
691,human4_lib3.final_cell_0089
692,human4_lib3.final_cell_0090
693,human4_lib3.final_cell_0091
694,human4_lib3.final_cell_0092
695,human4_lib3.final_cell_0093
696,human4_lib3.final_cell_0094
697,human4_lib3.final_cell_0095
698,human4_lib3.final_cell_0096
699,human4_lib3.final_cell_0097
700,human4_lib3.final_cell_0098
701,human4_lib3.final_cell_0099
702,human4_lib3.final_cell_0100
703,human4_lib3.final_cell_0101
704,human4_lib3.final_cell_0102
705,human4_lib3.final_cell_0103
706,human4_lib3.final_cell_0104
707,human4_lib3.final_cell_0105
708,human4_lib3.final_cell_0106
709,human4_lib3.final_cell_0107
710,human4_lib3.final_cell_0108
711,human4_lib3.final_cell_0109
712,human4_lib3.final_cell_0110
713,human4_lib3.final_cell_0111
714,human4_lib3.final_cell_0112
715,human4_lib3.final_cell_0113
716,human4_lib3.final_cell_0114
717,human4_lib3.final_cell_0115
718,human4_lib3.final_cell_0116
719,human4_lib3.final_cell_0117
720,human4_lib3.final_cell_0118
721,human4_lib3.final_cell_0119
722,human4_lib3.final_cell_0120
723,human4_lib3.final_cell_0121
724,human4_lib3.final_cell_0122
725,human4_lib3.final_cell_0123
726,human4_lib3.final_cell_0124
727,human4_lib3.final_cell_0125
728,human4_lib3.final_cell_0126
729,human4_lib3.final_cell_0127
730,human4_lib3.final_cell_0128
731,human4_lib3.final_cell_0129
732,human4_lib3.final_cell_0130
733,human4_lib3.final_cell_0131
734,human4_lib3.final_cell_0132
735,human4_lib3.final_cell_0133
736,human4_lib3.final_cell_0134
737,human4_lib3.final_cell_0135
738,human4_lib3.final_cell_0136
739,human4_lib3.final_cell_0137
740,human4_lib3.final_cell_0138
741,human4_lib3.final_cell_0139
742,human4_lib3.final_cell_0140
743,human4_lib3.final_cell_0141
744,human4_lib3.final_cell_0142
745,human4_lib3.final_cell_0143
746,human4_lib3.final_cell_0144
747,human4_lib3.final_cell_0145
748,human4_lib3.final_cell_0146
749,human4_lib3.final_cell_0147
750,human4_lib3.final_cell_0148
751,human4_lib3.final_cell_0149
752,human4_lib3.final_cell_0150
753,human4_lib3.final_cell_0151
754,human4_lib3.final_cell_0152
755,human4_lib3.final_cell_0153
756,human4_lib3.final_cell_0154
757,human4_lib3.final_cell_0155
758,human4_lib3.final_cell_0156
759,human4_lib3.final_cell_0157
760,human4_lib3.final_cell_0158
761,human4_lib3.final_cell_0159
762,human4_lib3.final_cell_0160
763,human4_lib3.final_cell_0161
764,human4_lib3.final_cell_0162
765,human4_lib3.final_cell_0163
766,human4_lib3.final_cell_0164
767,human4_lib3.final_cell_0165
768,human4_lib3.final_cell_0166
769,human4_lib3.final_cell_0167
770,human4_lib3.final_cell_0168
771,human4_lib3.final_cell_0169
772,human4_lib3.final_cell_0170
773,human4_lib3.final_cell_0171
774,human4_lib3.final_cell_0172
775,human4_lib3.final_cell_0173
776,human4_lib3.final_cell_0174
777,human4_lib3.final_cell_0175
778,human4_lib3.final_cell_0176
779,human4_lib3.final_cell_0177
780,human4_lib3.final_cell_0178
781,human4_lib3.final_cell_0179
782,human4_lib3.final_cell_0180
783,human4_lib3.final_cell_0181
784,human4_lib3.final_cell_0182
785,human4_lib3.final_cell_0183
786,human4_lib3.final_cell_0184
787,human4_lib3.final_cell_0185
788,human4_lib3.final_cell_0186
789,human4_lib3.final_cell_0187
790,human4_lib3.final_cell_0188
791,human4_lib3.final_cell_0189
792,human4_lib3.final_cell_0190
793,human4_lib3.final_cell_0191
794,human4_lib3.final_cell_0192
795,human4_lib3.final_cell_0193
796,human4_lib3.final_cell_0194
797,human4_lib3.final_cell_0195
798,human4_lib3.final_cell_0196
799,human4_lib3.final_cell_0197
800,human4_lib3.final_cell_0198
801,human4_lib3.final_cell_0199
802,human4_lib3.final_cell_0200
803,human4_lib3.final_cell_0201
804,human4_lib3.final_cell_0202
805,human4_lib3.final_cell_0203
806,human4_lib3.final_cell_0204
807,human4_lib3.final_cell_0205
808,human4_lib3.final_cell_0206
809,human4_lib3.final_cell_0207
810,human4_lib3.final_cell_0208
811,human4_lib3.final_cell_0209
812,human4_lib3.final_cell_0210
813,human4_lib3.final_cell_0211
814,human4_lib3.final_cell_0212
815,human4_lib3.final_cell_0213
816,human4_lib3.final_cell_0214
817,human4_lib3.final_cell_0215
818,human4_lib3.final_cell_0216
819,human4_lib3.final_cell_0217
820,human4_lib3.final_cell_0218
821,human4_lib3.final_cell_0219
822,human4_lib3.final_cell_0220
823,human4_lib3.final_cell_0221
824,human4_lib3.final_cell_0222
825,human4_lib3.final_cell_0223
826,human4_lib3.final_cell_0224
827,human4_lib3.final_cell_0225
828,human4_lib3.final_cell_0226
829,human4_lib3.final_cell_0227
830,human4_lib3.final_cell_0228
831,human4_lib3.final_cell_0229
832,human4_lib3.final_cell_0230
833,human4_lib3.final_cell_0231
834,human4_lib3.final_cell_0232
835,human4_lib3.final_cell_0233
836,human4_lib3.final_cell_0234
837,human4_lib3.final_cell_0235
838,human4_lib3.final_cell_0236
839,human4_lib3.final_cell_0237
840,human4_lib3.final_cell_0238
841,human4_lib3.final_cell_0239
842,human4_lib3.final_cell_0240
843,human4_lib3.final_cell_0241
844,human4_lib3.final_cell_0242
845,human4_lib3.final_cell_0243
846,human4_lib3.final_cell_0244
847,human4_lib3.final_cell_0245
848,human4_lib3.final_cell_0246
849,human4_lib3.final_cell_0247
850,human4_lib3.final_cell_0248
851,human4_lib3.final_cell_0249
852,human4_lib3.final_cell_0250
853,human4_lib3.final_cell_0251
854,human4_lib3.final_cell_0252
855,human4_lib3.final_cell_0253
856,human4_lib3.final_cell_0254
857,human4_lib3.final_cell_0255
858,human4_lib3.final_cell_0256
859,human4_lib3.final_cell_0257
860,human4_lib3.final_cell_0258
861,human4_lib3.final_cell_0259
862,human4_lib3.final_cell_0260
863,human4_lib3.final_cell_0261
864,human4_lib3.final_cell_0262
865,human4_lib3.final_cell_0263
866,human4_lib3.final_cell_0264
867,human4_lib3.final_cell_0265
868,human4_lib3.final_cell_0266
869,human4_lib3.final_cell_0267
870,human4_lib3.final_cell_0268
871,human4_lib3.final_cell_0269
872,human4_lib3.final_cell_0270
873,human4_lib3.final_cell_0271
874,human4_lib3.final_cell_0272
875,human4_lib3.final_cell_0273
876,human4_lib3.final_cell_0274
877,human4_lib3.final_cell_0275
878,human4_lib3.final_cell_0276
879,human4_lib3.final_cell_0277
880,human4_lib3.final_cell_0278
881,human4_lib3.final_cell_0279
882,human4_lib3.final_cell_0280
883,human4_lib3.final_cell_0281
884,human4_lib3.final_cell_0282
885,human4_lib3.final_cell_0283
886,human4_lib3.final_cell_0284
887,human4_lib3.final_cell_0285
888,human4_lib3.final_cell_0286
889,human4_lib3.final_cell_0287
890,human4_lib3.final_cell_0288
891,human4_lib3.final_cell_0289
892,human4_lib3.final_cell_0290
893,human4_lib3.final_cell_0291
894,human4_lib3.final_cell_0292
895,human4_lib3.final_cell_0293
896,human4_lib3.final_cell_0294
897,human4_lib3.final_cell_0295
898,human4_lib3.final_cell_0296
899,human4_lib3.final_cell_0297
900,human4_lib3.final_cell_0298
901,human4_lib3.final_cell_0299
902,human4_lib3.final_cell_0300
903,human4_lib3.final_cell_0301
904,human4_lib3.final_cell_0302
905,human4_lib3.final_cell_0303
906,human4_lib3.final_cell_0304
907,human4_lib3.final_cell_0305
908,human4_lib3.final_cell_0306
909,human4_lib3.final_cell_0307
910,human4_lib3.final_cell_0308
911,human4_lib3.final_cell_0309
912,human4_lib3.final_cell_0310
913,human4_lib3.final_cell_0311
914,human4_lib3.final_cell_0312
915,human4_lib3.final_cell_0313
916,human4_lib3.final_cell_0314
917,human4_lib3.final_cell_0315
918,human4_lib3.final_cell_0316
919,human4_lib3.final_cell_0317
920,human4_lib3.final_cell_0318
921,human4_lib3.final_cell_0319
922,human4_lib3.final_cell_0320
923,human4_lib3.final_cell_0321
924,human4_lib3.final_cell_0322
925,human4_lib3.final_cell_0323
926,human4_lib3.final_cell_0324
927,human4_lib3.final_cell_0325
928,human4_lib3.final_cell_0326
929,human4_lib3.final_cell_0327
930,human4_lib3.final_cell_0328
931,human4_lib3.final_cell_0329
932,human4_lib3.final_cell_0330
933,human4_lib3.final_cell_0331
934,human4_lib3.final_cell_0332
935,human4_lib3.final_cell_0333
936,human4_lib3.final_cell_0334
937,human4_lib3.final_cell_0335
938,human4_lib3.final_cell_0336
939,human4_lib3.final_cell_0337
940,human4_lib3.final_cell_0338
941,human4_lib3.final_cell_0339
942,human4_lib3.final_cell_0340
943,human4_lib3.final_cell_0341
944,human4_lib3.final_cell_0342
945,human4_lib3.final_cell_0343
946,human4_lib3.final_cell_0344
947,human4_lib3.final_cell_0345
948,human4_lib3.final_cell_0346
949,human4_lib3.final_cell_0347
950,human4_lib3.final_cell_0348
951,human4_lib3.final_cell_0349
952,human4_lib3.final_cell_0350
953,human4_lib3.final_cell_0351
954,human4_lib3.final_cell_0352
955,human4_lib3.final_cell_0353
956,human4_lib3.final_cell_0354
957,human4_lib3.final_cell_0355
958,human4_lib3.final_cell_0356
959,human4_lib3.final_cell_0357
960,human4_lib3.final_cell_0358
961,human4_lib3.final_cell_0359
962,human4_lib3.final_cell_0360
963,human4_lib3.final_cell_0361
964,human4_lib3.final_cell_0362
965,human4_lib3.final_cell_0363
966,human4_lib3.final_cell_0364
967,human4_lib3.final_cell_0365
968,human4_lib3.final_cell_0366
969,human4_lib3.final_cell_0367
970,human4_lib3.final_cell_0368
971,human4_lib3.final_cell_0369
972,human4_lib3.final_cell_0370
973,human4_lib3.final_cell_0371
974,human4_lib3.final_cell_0372
975,human4_lib3.final_cell_0373
976,human4_lib3.final_cell_0374
977,human4_lib3.final_cell_0375
978,human4_lib3.final_cell_0376
979,human4_lib3.final_cell_0377
980,human4_lib3.final_cell_0378
981,human4_lib3.final_cell_0379
982,human4_lib3.final_cell_0380
983,human4_lib3.final_cell_0381
984,human4_lib3.final_cell_0382
985,human4_lib3.final_cell_0383
986,human4_lib3.final_cell_0384
987,human4_lib3.final_cell_0385
988,human4_lib3.final_cell_0386
989,human4_lib3.final_cell_0387
990,human4_lib3.final_cell_0388
991,human4_lib3.final_cell_0389
992,human4_lib3.final_cell_0390
993,human4_lib3.final_cell_0391
994,human4_lib3.final_cell_0392
995,human4_lib3.final_cell_0393
996,human4_lib3.final_cell_0394
997,human4_lib3.final_cell_0395
998,human4_lib3.final_cell_0396
999,human4_lib3.final_cell_0397
1000,human4_lib3.final_cell_0398
1001,human4_lib3.final_cell_0399
1002,human4_lib3.final_cell_0400
1003,human4_lib3.final_cell_0401
1004,human4_lib3.final_cell_0402
1005,human4_lib3.final_cell_0403
1006,human4_lib3.final_cell_0404
1007,human4_lib3.final_cell_0405
1008,human4_lib3.final_cell_0406
1009,human4_lib3.final_cell_0407
1010,human4_lib3.final_cell_0408
1011,human4_lib3.final_cell_0409
1012,human4_lib3.final_cell_0410
1013,human4_lib3.final_cell_0411
1014,human4_lib3.final_cell_0412
1015,human4_lib3.final_cell_0413
1016,human4_lib3.final_cell_0414
1017,human4_lib3.final_cell_0415
1018,human4_lib3.final_cell_0416
1019,human4_lib3.final_cell_0417
1020,human4_lib3.final_cell_0418
1021,human4_lib3.final_cell_0419
1022,human4_lib3.final_cell_0420
1023,human4_lib3.final_cell_0421
1024,human4_lib3.final_cell_0422
1025,human4_lib3.final_cell_0423
1026,human4_lib3.final_cell_0424
1027,human4_lib3.final_cell_0425
1028,human4_lib3.final_cell_0426
1029,human4_lib3.final_cell_0427
1030,human4_lib3.final_cell_0428
1031,human4_lib3.final_cell_0429
1032,human4_lib3.final_cell_0430
1033,human4_lib3.final_cell_0431
1034,human4_lib3.final_cell_0432
1035,human4_lib3.final_cell_0433
1036,human4_lib3.final_cell_0434
1037,human4_lib3.final_cell_0435
1038,human4_lib3.final_cell_0436
1039,human4_lib3.final_cell_0437
1040,human4_lib3.final_cell_0438
1041,human4_lib3.final_cell_0439
1042,human4_lib3.final_cell_0440
1043,human4_lib3.final_cell_0441
1044,human4_lib3.final_cell_0442
1045,human4_lib3.final_cell_0443
1046,human4_lib3.final_cell_0444
1047,human4_lib3.final_cell_0445
1048,human4_lib3.final_cell_0446
1049,human4_lib3.final_cell_0447
1050,human4_lib3.final_cell_0448
1051,human4_lib3.final_cell_0449
1052,human4_lib3.final_cell_0450
1053,human4_lib3.final_cell_0451
1054,human4_lib3.final_cell_0452
1055,human4_lib3.final_cell_0453
1056,human4_lib3.final_cell_0454
1057,human4_lib3.final_cell_0455
1058,human4_lib3.final_cell_0456
1059,human4_lib3.final_cell_0457
1060,human4_lib3.final_cell_0458
1061,human4_lib3.final_cell_0459
1062,human4_lib3.final_cell_0460
1063,human4_lib3.final_cell_0461
1064,human4_lib3.final_cell_0462
1065,human4_lib3.final_cell_0463
1066,human4_lib3.final_cell_0464
1067,human4_lib3.final_cell_0465
1068,human4_lib3.final_cell_0466
1069,human4_lib3.final_cell_0467
1070,human4_lib3.final_cell_0468
1071,human4_lib3.final_cell_0469
1072,human4_lib3.final_cell_0470
1073,human4_lib3.final_cell_0471
1074,human4_lib3.final_cell_0472
1075,human4_lib3.final_cell_0473
1076,human4_lib3.final_cell_0474
1077,human4_lib3.final_cell_0475
1078,human4_lib3.final_cell_0476
1079,human4_lib3.final_cell_0477
1080,human4_lib3.final_cell_0478
1081,human4_lib3.final_cell_0479
1082,human4_lib3.final_cell_0480
1083,human4_lib3.final_cell_0481
1084,human4_lib3.final_cell_0482
1085,human4_lib3.final_cell_0483
1086,human4_lib3.final_cell_0484
1087,human4_lib3.final_cell_0485
1088,human4_lib3.final_cell_0486
1089,human4_lib3.final_cell_0487
1090,human4_lib3.final_cell_0488
1091,human4_lib3.final_cell_0489
1092,human4_lib3.final_cell_0490
1093,human4_lib3.final_cell_0491
1094,human4_lib3.final_cell_0492
1095,human4_lib3.final_cell_0493
1096,human4_lib3.final_cell_0494
1097,human4_lib3.final_cell_0495
1098,human4_lib3.final_cell_0496
1099,human4_lib3.final_cell_0497
1100,human4_lib3.final_cell_0498
1101,human4_lib3.final_cell_0499
1102,human4_lib3.final_cell_0500
1103,human4_lib3.final_cell_0501
1104,human4_lib3.final_cell_0502
1105,human4_lib3.final_cell_0503
1106,human4_lib3.final_cell_0504
1107,human4_lib3.final_cell_0505
1108,human4_lib3.final_cell_0506
1109,human4_lib3.final_cell_0507
1110,human4_lib3.final_cell_0508
1111,human4_lib3.final_cell_0509
1112,human4_lib3.final_cell_0510
1113,human4_lib3.final_cell_0511
1114,human4_lib3.final_cell_0512
1115,human4_lib3.final_cell_0513
1116,human4_lib3.final_cell_0514
1117,human4_lib3.final_cell_0515
1118,human4_lib3.final_cell_0516
1119,human4_lib3.final_cell_0517
1120,human4_lib3.final_cell_0518
1121,human4_lib3.final_cell_0519
1122,human4_lib3.final_cell_0520
1123,human4_lib3.final_cell_0521
1124,human4_lib3.final_cell_0522
1125,human4_lib3.final_cell_0523
1126,human4_lib3.final_cell_0524
1127,human4_lib3.final_cell_0525
1128,human4_lib3.final_cell_0526
1129,human4_lib3.final_cell_0527
1130,human4_lib3.final_cell_0528
1131,human4_lib3.final_cell_0529
1132,human4_lib3.final_cell_0530
1133,human4_lib3.final_cell_0531
1134,human4_lib3.final_cell_0532
1135,human4_lib3.final_cell_0533
1136,human4_lib3.final_cell_0534
1137,human4_lib3.final_cell_0535
1138,human4_lib3.final_cell_0536
1139,human4_lib3.final_cell_0537
1140,human4_lib3.final_cell_0538
1141,human4_lib3.final_cell_0539
1142,human4_lib3.final_cell_0540
1143,human4_lib3.final_cell_0541
1144,human4_lib3.final_cell_0542
1145,human4_lib3.final_cell_0543
1146,human4_lib3.final_cell_0544
1147,human4_lib3.final_cell_0545
1148,human4_lib3.final_cell_0546
1149,human4_lib3.final_cell_0547
1150,human4_lib3.final_cell_0548
1151,human4_lib3.final_cell_0549
1152,human4_lib3.final_cell_0550
1153,human4_lib3.final_cell_0551
1154,human4_lib3.final_cell_0552
1155,human4_lib3.final_cell_0553
1156,human4_lib3.final_cell_0554
1157,human4_lib3.final_cell_0555
1158,human4_lib3.final_cell_0556
1159,human4_lib3.final_cell_0557
1160,human4_lib3.final_cell_0558
1161,human4_lib3.final_cell_0559
1162,human4_lib3.final_cell_0560
1163,human4_lib3.final_cell_0561
1164,human4_lib3.final_cell_0562
1165,human4_lib3.final_cell_0563
1166,human4_lib3.final_cell_0564
1167,human4_lib3.final_cell_0565
1168,human4_lib3.final_cell_0566
1169,human4_lib3.final_cell_0567
1170,human4_lib3.final_cell_0568
1171,human4_lib3.final_cell_0569
1172,human4_lib3.final_cell_0570
1173,human4_lib3.final_cell_0571
1174,human4_lib3.final_cell_0572
1175,human4_lib3.final_cell_0573
1176,human4_lib3.final_cell_0574
1177,human4_lib3.final_cell_0575
1178,human4_lib3.final_cell_0576
1179,human4_lib3.final_cell_0577
1180,human4_lib3.final_cell_0578
1181,human4_lib3.final_cell_0579
1182,human4_lib3.final_cell_0580
1183,human4_lib3.final_cell_0581
1184,human4_lib3.final_cell_0582
1185,human4_lib3.final_cell_0583
1186,human4_lib3.final_cell_0584
1187,human4_lib3.final_cell_0585
1188,human4_lib3.final_cell_0586
1189,human4_lib3.final_cell_0587
1190,human4_lib3.final_cell_0588
1191,human4_lib3.final_cell_0589
1192,human4_lib3.final_cell_0590
1193,human4_lib3.final_cell_0591
1194,human4_lib3.final_cell_0592
1195,human4_lib3.final_cell_0593
1196,human4_lib3.final_cell_0594
1197,human4_lib3.final_cell_0595
1198,human4_lib3.final_cell_0596
1199,human4_lib3.final_cell_0597
1200,human4_lib3.final_cell_0598
1201,human4_lib3.final_cell_0599
1202,human4_lib3.final_cell_0600
1203,human4_lib3.final_cell_0601
1204,human4_lib3.final_cell_0602
1205,human4_lib3.final_cell_0603
1206,human4_lib3.final_cell_0604
1207,human4_lib3.final_cell_0605
1208,human4_lib3.final_cell_0606
1209,human4_lib3.final_cell_0607
1210,human4_lib3.final_cell_0608
1211,human4_lib3.final_cell_0609
1212,human4_lib3.final_cell_0610
1213,human4_lib3.final_cell_0611
1214,human4_lib3.final_cell_0612
1215,human4_lib3.final_cell_0613
1216,human4_lib3.final_cell_0614
1217,human4_lib3.final_cell_0615
1218,human4_lib3.final_cell_0616
1219,human4_lib3.final_cell_0617
1220,human4_lib3.final_cell_0618
1221,human4_lib3.final_cell_0619
1222,human4_lib3.final_cell_0620
1223,human4_lib3.final_cell_0621
1224,human4_lib3.final_cell_0622
1225,human4_lib3.final_cell_0623
1226,human4_lib3.final_cell_0624
1227,human4_lib3.final_cell_0625
1228,human4_lib3.final_cell_0626
1229,human4_lib3.final_cell_0627
1230,human4_lib3.final_cell_0628
1231,human4_lib3.final_cell_0629
1232,human4_lib3.final_cell_0630
1233,human4_lib3.final_cell_0631
1234,human4_lib3.final_cell_0632
1235,human4_lib3.final_cell_0633
1236,human4_lib3.final_cell_0634
1237,human4_lib3.final_cell_0635
1238,human4_lib3.final_cell_0636
1239,human4_lib3.final_cell_0637
1240,human4_lib3.final_cell_0638
1241,human4_lib3.final_cell_0639
1242,human4_lib3.final_cell_0640
1243,human4_lib3.final_cell_0641
1244,human4_lib3.final_cell_0642
1245,human4_lib3.final_cell_0643
1246,human4_lib3.final_cell_0644
1247,human4_lib3.final_cell_0645
1248,human4_lib3.final_cell_0646
1249,human4_lib3.final_cell_0647
1250,human4_lib3.final_cell_0648
1251,human4_lib3.final_cell_0649
1252,human4_lib3.final_cell_0650
1253,human4_lib3.final_cell_0651
1254,human4_lib3.final_cell_0652
1255,human4_lib3.final_cell_0653
1256,human4_lib3.final_cell_0654
1257,human4_lib3.final_cell_0655
1258,human4_lib3.final_cell_0656
1259,human4_lib3.final_cell_0657
1260,human4_lib3.final_cell_0658
1261,human4_lib3.final_cell_0659
1262,human4_lib3.final_cell_0660
1263,human4_lib3.final_cell_0661
1264,human4_lib3.final_cell_0662
1265,human4_lib3.final_cell_0663
1266,human4_lib3.final_cell_0664
1267,human4_lib3.final_cell_0665
1268,human4_lib3.final_cell_0666
1269,human4_lib3.final_cell_0667
1270,human4_lib3.final_cell_0668
1271,human4_lib3.final_cell_0669
1272,human4_lib3.final_cell_0670
1273,human4_lib3.final_cell_0671
1274,human4_lib3.final_cell_0672
1275,human4_lib3.final_cell_0673
1276,human4_lib3.final_cell_0674
1277,human4_lib3.final_cell_0675
1278,human4_lib3.final_cell_0676
1279,human4_lib3.final_cell_0677
1280,human4_lib3.final_cell_0678
1281,human4_lib3.final_cell_0679
1282,human4_lib3.final_cell_0680
1283,human4_lib3.final_cell_0681
1284,human4_lib3.final_cell_0682
1285,human4_lib3.final_cell_0683
1286,human4_lib3.final_cell_0684
1287,human4_lib3.final_cell_0685
1288,human4_lib3.final_cell_0686
1289,human4_lib3.final_cell_0687
1290,human4_lib3.final_cell_0688
1291,human4_lib3.final_cell_0689
1292,human4_lib3.final_cell_0690
1293,human4_lib3.final_cell_0691
1294,human4_lib3.final_cell_0692
1295,human4_lib3.final_cell_0693
1296,human4_lib3.final_cell_0694
1297,human4_lib3.final_cell_0695
1298,human4_lib3.final_cell_0696
1299,human4_lib3.final_cell_0697
1300,human4_lib3.final_cell_0698
1301,human4_lib3.final_cell_0699
1302,human4_lib3.final_cell_0700
1303,human4_lib3.final_cell_0701
