,x
1,human2_lib1.final_cell_0001
2,human2_lib1.final_cell_0002
3,human2_lib1.final_cell_0003
4,human2_lib1.final_cell_0004
5,human2_lib1.final_cell_0005
6,human2_lib1.final_cell_0006
7,human2_lib1.final_cell_0007
8,human2_lib1.final_cell_0008
9,human2_lib1.final_cell_0009
10,human2_lib1.final_cell_0010
11,human2_lib1.final_cell_0011
12,human2_lib1.final_cell_0012
13,human2_lib1.final_cell_0013
14,human2_lib1.final_cell_0014
15,human2_lib1.final_cell_0015
16,human2_lib1.final_cell_0016
17,human2_lib1.final_cell_0017
18,human2_lib1.final_cell_0018
19,human2_lib1.final_cell_0019
20,human2_lib1.final_cell_0020
21,human2_lib1.final_cell_0021
22,human2_lib1.final_cell_0022
23,human2_lib1.final_cell_0023
24,human2_lib1.final_cell_0024
25,human2_lib1.final_cell_0025
26,human2_lib1.final_cell_0026
27,human2_lib1.final_cell_0027
28,human2_lib1.final_cell_0028
29,human2_lib1.final_cell_0029
30,human2_lib1.final_cell_0030
31,human2_lib1.final_cell_0031
32,human2_lib1.final_cell_0032
33,human2_lib1.final_cell_0033
34,human2_lib1.final_cell_0034
35,human2_lib1.final_cell_0035
36,human2_lib1.final_cell_0036
37,human2_lib1.final_cell_0037
38,human2_lib1.final_cell_0038
39,human2_lib1.final_cell_0039
40,human2_lib1.final_cell_0040
41,human2_lib1.final_cell_0041
42,human2_lib1.final_cell_0042
43,human2_lib1.final_cell_0043
44,human2_lib1.final_cell_0044
45,human2_lib1.final_cell_0045
46,human2_lib1.final_cell_0046
47,human2_lib1.final_cell_0047
48,human2_lib1.final_cell_0048
49,human2_lib1.final_cell_0049
50,human2_lib1.final_cell_0050
51,human2_lib1.final_cell_0051
52,human2_lib1.final_cell_0052
53,human2_lib1.final_cell_0053
54,human2_lib1.final_cell_0054
55,human2_lib1.final_cell_0055
56,human2_lib1.final_cell_0056
57,human2_lib1.final_cell_0057
58,human2_lib1.final_cell_0058
59,human2_lib1.final_cell_0059
60,human2_lib1.final_cell_0060
61,human2_lib1.final_cell_0061
62,human2_lib1.final_cell_0062
63,human2_lib1.final_cell_0063
64,human2_lib1.final_cell_0064
65,human2_lib1.final_cell_0065
66,human2_lib1.final_cell_0066
67,human2_lib1.final_cell_0067
68,human2_lib1.final_cell_0068
69,human2_lib1.final_cell_0069
70,human2_lib1.final_cell_0070
71,human2_lib1.final_cell_0071
72,human2_lib1.final_cell_0072
73,human2_lib1.final_cell_0073
74,human2_lib1.final_cell_0074
75,human2_lib1.final_cell_0075
76,human2_lib1.final_cell_0076
77,human2_lib1.final_cell_0077
78,human2_lib1.final_cell_0078
79,human2_lib1.final_cell_0079
80,human2_lib1.final_cell_0080
81,human2_lib1.final_cell_0081
82,human2_lib1.final_cell_0082
83,human2_lib1.final_cell_0083
84,human2_lib1.final_cell_0084
85,human2_lib1.final_cell_0085
86,human2_lib1.final_cell_0086
87,human2_lib1.final_cell_0087
88,human2_lib1.final_cell_0088
89,human2_lib1.final_cell_0089
90,human2_lib1.final_cell_0090
91,human2_lib1.final_cell_0091
92,human2_lib1.final_cell_0092
93,human2_lib1.final_cell_0093
94,human2_lib1.final_cell_0094
95,human2_lib1.final_cell_0095
96,human2_lib1.final_cell_0096
97,human2_lib1.final_cell_0097
98,human2_lib1.final_cell_0098
99,human2_lib1.final_cell_0099
100,human2_lib1.final_cell_0100
101,human2_lib1.final_cell_0101
102,human2_lib1.final_cell_0102
103,human2_lib1.final_cell_0103
104,human2_lib1.final_cell_0104
105,human2_lib1.final_cell_0105
106,human2_lib1.final_cell_0106
107,human2_lib1.final_cell_0107
108,human2_lib1.final_cell_0108
109,human2_lib1.final_cell_0109
110,human2_lib1.final_cell_0110
111,human2_lib1.final_cell_0111
112,human2_lib1.final_cell_0112
113,human2_lib1.final_cell_0113
114,human2_lib1.final_cell_0114
115,human2_lib1.final_cell_0115
116,human2_lib1.final_cell_0116
117,human2_lib1.final_cell_0117
118,human2_lib1.final_cell_0118
119,human2_lib1.final_cell_0119
120,human2_lib1.final_cell_0120
121,human2_lib1.final_cell_0121
122,human2_lib1.final_cell_0122
123,human2_lib1.final_cell_0123
124,human2_lib1.final_cell_0124
125,human2_lib1.final_cell_0125
126,human2_lib1.final_cell_0126
127,human2_lib1.final_cell_0127
128,human2_lib1.final_cell_0128
129,human2_lib1.final_cell_0129
130,human2_lib1.final_cell_0130
131,human2_lib1.final_cell_0131
132,human2_lib1.final_cell_0132
133,human2_lib1.final_cell_0133
134,human2_lib1.final_cell_0134
135,human2_lib1.final_cell_0135
136,human2_lib1.final_cell_0136
137,human2_lib1.final_cell_0137
138,human2_lib1.final_cell_0138
139,human2_lib1.final_cell_0139
140,human2_lib1.final_cell_0140
141,human2_lib1.final_cell_0141
142,human2_lib1.final_cell_0142
143,human2_lib1.final_cell_0143
144,human2_lib1.final_cell_0144
145,human2_lib1.final_cell_0145
146,human2_lib1.final_cell_0146
147,human2_lib1.final_cell_0147
148,human2_lib1.final_cell_0148
149,human2_lib1.final_cell_0149
150,human2_lib1.final_cell_0150
151,human2_lib1.final_cell_0151
152,human2_lib1.final_cell_0152
153,human2_lib1.final_cell_0153
154,human2_lib1.final_cell_0154
155,human2_lib1.final_cell_0155
156,human2_lib1.final_cell_0156
157,human2_lib1.final_cell_0157
158,human2_lib1.final_cell_0158
159,human2_lib1.final_cell_0159
160,human2_lib1.final_cell_0160
161,human2_lib1.final_cell_0161
162,human2_lib1.final_cell_0162
163,human2_lib1.final_cell_0163
164,human2_lib1.final_cell_0164
165,human2_lib1.final_cell_0165
166,human2_lib1.final_cell_0166
167,human2_lib1.final_cell_0167
168,human2_lib1.final_cell_0168
169,human2_lib1.final_cell_0169
170,human2_lib1.final_cell_0170
171,human2_lib1.final_cell_0171
172,human2_lib1.final_cell_0172
173,human2_lib1.final_cell_0173
174,human2_lib1.final_cell_0174
175,human2_lib1.final_cell_0175
176,human2_lib1.final_cell_0176
177,human2_lib1.final_cell_0177
178,human2_lib1.final_cell_0178
179,human2_lib1.final_cell_0179
180,human2_lib1.final_cell_0180
181,human2_lib1.final_cell_0181
182,human2_lib1.final_cell_0182
183,human2_lib1.final_cell_0183
184,human2_lib1.final_cell_0184
185,human2_lib1.final_cell_0185
186,human2_lib1.final_cell_0186
187,human2_lib1.final_cell_0187
188,human2_lib1.final_cell_0188
189,human2_lib1.final_cell_0189
190,human2_lib1.final_cell_0190
191,human2_lib1.final_cell_0191
192,human2_lib1.final_cell_0192
193,human2_lib1.final_cell_0193
194,human2_lib1.final_cell_0194
195,human2_lib1.final_cell_0195
196,human2_lib1.final_cell_0196
197,human2_lib1.final_cell_0197
198,human2_lib1.final_cell_0198
199,human2_lib1.final_cell_0199
200,human2_lib1.final_cell_0200
201,human2_lib1.final_cell_0201
202,human2_lib1.final_cell_0202
203,human2_lib1.final_cell_0203
204,human2_lib1.final_cell_0204
205,human2_lib1.final_cell_0205
206,human2_lib1.final_cell_0206
207,human2_lib1.final_cell_0207
208,human2_lib1.final_cell_0208
209,human2_lib1.final_cell_0209
210,human2_lib1.final_cell_0210
211,human2_lib1.final_cell_0211
212,human2_lib1.final_cell_0212
213,human2_lib1.final_cell_0213
214,human2_lib1.final_cell_0214
215,human2_lib1.final_cell_0215
216,human2_lib1.final_cell_0216
217,human2_lib1.final_cell_0217
218,human2_lib1.final_cell_0218
219,human2_lib1.final_cell_0219
220,human2_lib1.final_cell_0220
221,human2_lib1.final_cell_0221
222,human2_lib1.final_cell_0222
223,human2_lib1.final_cell_0223
224,human2_lib1.final_cell_0224
225,human2_lib1.final_cell_0225
226,human2_lib1.final_cell_0226
227,human2_lib1.final_cell_0227
228,human2_lib1.final_cell_0228
229,human2_lib1.final_cell_0229
230,human2_lib1.final_cell_0230
231,human2_lib1.final_cell_0231
232,human2_lib1.final_cell_0232
233,human2_lib1.final_cell_0233
234,human2_lib1.final_cell_0234
235,human2_lib1.final_cell_0235
236,human2_lib1.final_cell_0236
237,human2_lib1.final_cell_0237
238,human2_lib1.final_cell_0238
239,human2_lib1.final_cell_0239
240,human2_lib1.final_cell_0240
241,human2_lib1.final_cell_0241
242,human2_lib1.final_cell_0242
243,human2_lib1.final_cell_0243
244,human2_lib1.final_cell_0244
245,human2_lib1.final_cell_0245
246,human2_lib1.final_cell_0246
247,human2_lib1.final_cell_0247
248,human2_lib1.final_cell_0248
249,human2_lib1.final_cell_0249
250,human2_lib1.final_cell_0250
251,human2_lib1.final_cell_0251
252,human2_lib1.final_cell_0252
253,human2_lib1.final_cell_0253
254,human2_lib1.final_cell_0254
255,human2_lib1.final_cell_0255
256,human2_lib1.final_cell_0256
257,human2_lib1.final_cell_0257
258,human2_lib1.final_cell_0258
259,human2_lib1.final_cell_0259
260,human2_lib1.final_cell_0260
261,human2_lib1.final_cell_0261
262,human2_lib1.final_cell_0262
263,human2_lib1.final_cell_0263
264,human2_lib1.final_cell_0264
265,human2_lib1.final_cell_0265
266,human2_lib1.final_cell_0266
267,human2_lib1.final_cell_0267
268,human2_lib1.final_cell_0268
269,human2_lib1.final_cell_0269
270,human2_lib1.final_cell_0270
271,human2_lib1.final_cell_0271
272,human2_lib1.final_cell_0272
273,human2_lib1.final_cell_0273
274,human2_lib1.final_cell_0274
275,human2_lib1.final_cell_0275
276,human2_lib1.final_cell_0276
277,human2_lib1.final_cell_0277
278,human2_lib1.final_cell_0278
279,human2_lib1.final_cell_0279
280,human2_lib1.final_cell_0280
281,human2_lib1.final_cell_0281
282,human2_lib1.final_cell_0282
283,human2_lib1.final_cell_0283
284,human2_lib1.final_cell_0284
285,human2_lib1.final_cell_0285
286,human2_lib1.final_cell_0286
287,human2_lib1.final_cell_0287
288,human2_lib1.final_cell_0288
289,human2_lib1.final_cell_0289
290,human2_lib1.final_cell_0290
291,human2_lib1.final_cell_0291
292,human2_lib1.final_cell_0292
293,human2_lib1.final_cell_0293
294,human2_lib1.final_cell_0294
295,human2_lib1.final_cell_0295
296,human2_lib1.final_cell_0296
297,human2_lib1.final_cell_0297
298,human2_lib1.final_cell_0298
299,human2_lib1.final_cell_0299
300,human2_lib1.final_cell_0300
301,human2_lib1.final_cell_0301
302,human2_lib1.final_cell_0302
303,human2_lib1.final_cell_0303
304,human2_lib1.final_cell_0304
305,human2_lib1.final_cell_0305
306,human2_lib1.final_cell_0306
307,human2_lib1.final_cell_0307
308,human2_lib1.final_cell_0308
309,human2_lib1.final_cell_0309
310,human2_lib1.final_cell_0310
311,human2_lib1.final_cell_0311
312,human2_lib1.final_cell_0312
313,human2_lib1.final_cell_0313
314,human2_lib1.final_cell_0314
315,human2_lib1.final_cell_0315
316,human2_lib1.final_cell_0316
317,human2_lib1.final_cell_0317
318,human2_lib1.final_cell_0318
319,human2_lib1.final_cell_0319
320,human2_lib1.final_cell_0320
321,human2_lib1.final_cell_0321
322,human2_lib1.final_cell_0322
323,human2_lib1.final_cell_0323
324,human2_lib1.final_cell_0324
325,human2_lib1.final_cell_0325
326,human2_lib1.final_cell_0326
327,human2_lib1.final_cell_0327
328,human2_lib1.final_cell_0328
329,human2_lib1.final_cell_0329
330,human2_lib1.final_cell_0330
331,human2_lib1.final_cell_0331
332,human2_lib1.final_cell_0332
333,human2_lib1.final_cell_0333
334,human2_lib1.final_cell_0334
335,human2_lib1.final_cell_0335
336,human2_lib1.final_cell_0336
337,human2_lib1.final_cell_0337
338,human2_lib1.final_cell_0338
339,human2_lib1.final_cell_0339
340,human2_lib1.final_cell_0340
341,human2_lib1.final_cell_0341
342,human2_lib1.final_cell_0342
343,human2_lib1.final_cell_0343
344,human2_lib1.final_cell_0344
345,human2_lib1.final_cell_0345
346,human2_lib1.final_cell_0346
347,human2_lib1.final_cell_0347
348,human2_lib1.final_cell_0348
349,human2_lib1.final_cell_0349
350,human2_lib1.final_cell_0350
351,human2_lib1.final_cell_0351
352,human2_lib1.final_cell_0352
353,human2_lib1.final_cell_0353
354,human2_lib1.final_cell_0354
355,human2_lib1.final_cell_0355
356,human2_lib1.final_cell_0356
357,human2_lib1.final_cell_0357
358,human2_lib1.final_cell_0358
359,human2_lib1.final_cell_0359
360,human2_lib1.final_cell_0360
361,human2_lib1.final_cell_0361
362,human2_lib1.final_cell_0362
363,human2_lib1.final_cell_0363
364,human2_lib1.final_cell_0364
365,human2_lib1.final_cell_0365
366,human2_lib1.final_cell_0366
367,human2_lib1.final_cell_0367
368,human2_lib1.final_cell_0368
369,human2_lib1.final_cell_0369
370,human2_lib1.final_cell_0370
371,human2_lib1.final_cell_0371
372,human2_lib1.final_cell_0372
373,human2_lib1.final_cell_0373
374,human2_lib1.final_cell_0374
375,human2_lib1.final_cell_0375
376,human2_lib1.final_cell_0376
377,human2_lib1.final_cell_0377
378,human2_lib1.final_cell_0378
379,human2_lib1.final_cell_0379
380,human2_lib1.final_cell_0380
381,human2_lib1.final_cell_0381
382,human2_lib1.final_cell_0382
383,human2_lib1.final_cell_0383
384,human2_lib1.final_cell_0384
385,human2_lib1.final_cell_0385
386,human2_lib1.final_cell_0386
387,human2_lib1.final_cell_0387
388,human2_lib1.final_cell_0388
389,human2_lib1.final_cell_0389
390,human2_lib1.final_cell_0390
391,human2_lib1.final_cell_0391
392,human2_lib1.final_cell_0392
393,human2_lib1.final_cell_0393
394,human2_lib1.final_cell_0394
395,human2_lib1.final_cell_0395
396,human2_lib1.final_cell_0396
397,human2_lib1.final_cell_0397
398,human2_lib1.final_cell_0398
399,human2_lib1.final_cell_0399
400,human2_lib1.final_cell_0400
401,human2_lib1.final_cell_0401
402,human2_lib1.final_cell_0402
403,human2_lib1.final_cell_0403
404,human2_lib1.final_cell_0404
405,human2_lib1.final_cell_0405
406,human2_lib1.final_cell_0406
407,human2_lib1.final_cell_0407
408,human2_lib1.final_cell_0408
409,human2_lib1.final_cell_0409
410,human2_lib1.final_cell_0410
411,human2_lib1.final_cell_0411
412,human2_lib1.final_cell_0412
413,human2_lib1.final_cell_0413
414,human2_lib1.final_cell_0414
415,human2_lib1.final_cell_0415
416,human2_lib1.final_cell_0416
417,human2_lib1.final_cell_0417
418,human2_lib1.final_cell_0418
419,human2_lib1.final_cell_0419
420,human2_lib1.final_cell_0420
421,human2_lib1.final_cell_0421
422,human2_lib1.final_cell_0422
423,human2_lib1.final_cell_0423
424,human2_lib1.final_cell_0424
425,human2_lib1.final_cell_0425
426,human2_lib1.final_cell_0426
427,human2_lib1.final_cell_0427
428,human2_lib1.final_cell_0428
429,human2_lib1.final_cell_0429
430,human2_lib1.final_cell_0430
431,human2_lib1.final_cell_0431
432,human2_lib1.final_cell_0432
433,human2_lib1.final_cell_0433
434,human2_lib1.final_cell_0434
435,human2_lib1.final_cell_0435
436,human2_lib1.final_cell_0436
437,human2_lib1.final_cell_0437
438,human2_lib1.final_cell_0438
439,human2_lib1.final_cell_0439
440,human2_lib1.final_cell_0440
441,human2_lib1.final_cell_0441
442,human2_lib1.final_cell_0442
443,human2_lib1.final_cell_0443
444,human2_lib1.final_cell_0444
445,human2_lib1.final_cell_0445
446,human2_lib1.final_cell_0446
447,human2_lib1.final_cell_0447
448,human2_lib1.final_cell_0448
449,human2_lib1.final_cell_0449
450,human2_lib1.final_cell_0450
451,human2_lib1.final_cell_0451
452,human2_lib1.final_cell_0452
453,human2_lib1.final_cell_0453
454,human2_lib1.final_cell_0454
455,human2_lib1.final_cell_0455
456,human2_lib1.final_cell_0456
457,human2_lib1.final_cell_0457
458,human2_lib1.final_cell_0458
459,human2_lib1.final_cell_0459
460,human2_lib1.final_cell_0460
461,human2_lib1.final_cell_0461
462,human2_lib1.final_cell_0462
463,human2_lib1.final_cell_0463
464,human2_lib1.final_cell_0464
465,human2_lib1.final_cell_0465
466,human2_lib1.final_cell_0466
467,human2_lib1.final_cell_0467
468,human2_lib1.final_cell_0468
469,human2_lib1.final_cell_0469
470,human2_lib1.final_cell_0470
471,human2_lib1.final_cell_0471
472,human2_lib1.final_cell_0472
473,human2_lib1.final_cell_0473
474,human2_lib1.final_cell_0474
475,human2_lib1.final_cell_0475
476,human2_lib1.final_cell_0476
477,human2_lib1.final_cell_0477
478,human2_lib1.final_cell_0478
479,human2_lib1.final_cell_0479
480,human2_lib1.final_cell_0480
481,human2_lib1.final_cell_0481
482,human2_lib1.final_cell_0482
483,human2_lib1.final_cell_0483
484,human2_lib1.final_cell_0484
485,human2_lib1.final_cell_0485
486,human2_lib1.final_cell_0486
487,human2_lib1.final_cell_0487
488,human2_lib1.final_cell_0488
489,human2_lib1.final_cell_0489
490,human2_lib1.final_cell_0490
491,human2_lib1.final_cell_0491
492,human2_lib1.final_cell_0492
493,human2_lib1.final_cell_0493
494,human2_lib1.final_cell_0494
495,human2_lib1.final_cell_0495
496,human2_lib1.final_cell_0496
497,human2_lib1.final_cell_0497
498,human2_lib1.final_cell_0498
499,human2_lib1.final_cell_0499
500,human2_lib1.final_cell_0500
501,human2_lib1.final_cell_0501
502,human2_lib1.final_cell_0502
503,human2_lib1.final_cell_0503
504,human2_lib1.final_cell_0504
505,human2_lib1.final_cell_0505
506,human2_lib1.final_cell_0506
507,human2_lib1.final_cell_0507
508,human2_lib1.final_cell_0508
509,human2_lib1.final_cell_0509
510,human2_lib1.final_cell_0510
511,human2_lib1.final_cell_0511
512,human2_lib1.final_cell_0512
513,human2_lib1.final_cell_0513
514,human2_lib1.final_cell_0514
515,human2_lib1.final_cell_0515
516,human2_lib1.final_cell_0516
517,human2_lib1.final_cell_0517
518,human2_lib1.final_cell_0518
519,human2_lib1.final_cell_0519
520,human2_lib1.final_cell_0520
521,human2_lib1.final_cell_0521
522,human2_lib1.final_cell_0522
523,human2_lib1.final_cell_0523
524,human2_lib1.final_cell_0524
525,human2_lib1.final_cell_0525
526,human2_lib1.final_cell_0526
527,human2_lib1.final_cell_0527
528,human2_lib1.final_cell_0528
529,human2_lib1.final_cell_0529
530,human2_lib1.final_cell_0530
531,human2_lib1.final_cell_0531
532,human2_lib1.final_cell_0532
533,human2_lib1.final_cell_0533
534,human2_lib1.final_cell_0534
535,human2_lib1.final_cell_0535
536,human2_lib1.final_cell_0536
537,human2_lib1.final_cell_0537
538,human2_lib1.final_cell_0538
539,human2_lib1.final_cell_0539
540,human2_lib1.final_cell_0540
541,human2_lib1.final_cell_0541
542,human2_lib1.final_cell_0542
543,human2_lib1.final_cell_0543
544,human2_lib1.final_cell_0544
545,human2_lib1.final_cell_0545
546,human2_lib1.final_cell_0546
547,human2_lib1.final_cell_0547
548,human2_lib1.final_cell_0548
549,human2_lib1.final_cell_0549
550,human2_lib1.final_cell_0550
551,human2_lib1.final_cell_0551
552,human2_lib1.final_cell_0552
553,human2_lib1.final_cell_0553
554,human2_lib1.final_cell_0554
555,human2_lib1.final_cell_0555
556,human2_lib1.final_cell_0556
557,human2_lib1.final_cell_0557
558,human2_lib1.final_cell_0558
559,human2_lib1.final_cell_0559
560,human2_lib2.final_cell_0001
561,human2_lib2.final_cell_0002
562,human2_lib2.final_cell_0003
563,human2_lib2.final_cell_0004
564,human2_lib2.final_cell_0005
565,human2_lib2.final_cell_0006
566,human2_lib2.final_cell_0007
567,human2_lib2.final_cell_0008
568,human2_lib2.final_cell_0009
569,human2_lib2.final_cell_0010
570,human2_lib2.final_cell_0011
571,human2_lib2.final_cell_0012
572,human2_lib2.final_cell_0013
573,human2_lib2.final_cell_0014
574,human2_lib2.final_cell_0015
575,human2_lib2.final_cell_0016
576,human2_lib2.final_cell_0017
577,human2_lib2.final_cell_0018
578,human2_lib2.final_cell_0019
579,human2_lib2.final_cell_0020
580,human2_lib2.final_cell_0021
581,human2_lib2.final_cell_0022
582,human2_lib2.final_cell_0023
583,human2_lib2.final_cell_0024
584,human2_lib2.final_cell_0025
585,human2_lib2.final_cell_0026
586,human2_lib2.final_cell_0027
587,human2_lib2.final_cell_0028
588,human2_lib2.final_cell_0029
589,human2_lib2.final_cell_0030
590,human2_lib2.final_cell_0031
591,human2_lib2.final_cell_0032
592,human2_lib2.final_cell_0033
593,human2_lib2.final_cell_0034
594,human2_lib2.final_cell_0035
595,human2_lib2.final_cell_0036
596,human2_lib2.final_cell_0037
597,human2_lib2.final_cell_0038
598,human2_lib2.final_cell_0039
599,human2_lib2.final_cell_0040
600,human2_lib2.final_cell_0041
601,human2_lib2.final_cell_0042
602,human2_lib2.final_cell_0043
603,human2_lib2.final_cell_0044
604,human2_lib2.final_cell_0045
605,human2_lib2.final_cell_0046
606,human2_lib2.final_cell_0047
607,human2_lib2.final_cell_0048
608,human2_lib2.final_cell_0049
609,human2_lib2.final_cell_0050
610,human2_lib2.final_cell_0051
611,human2_lib2.final_cell_0052
612,human2_lib2.final_cell_0053
613,human2_lib2.final_cell_0054
614,human2_lib2.final_cell_0055
615,human2_lib2.final_cell_0056
616,human2_lib2.final_cell_0057
617,human2_lib2.final_cell_0058
618,human2_lib2.final_cell_0059
619,human2_lib2.final_cell_0060
620,human2_lib2.final_cell_0061
621,human2_lib2.final_cell_0062
622,human2_lib2.final_cell_0063
623,human2_lib2.final_cell_0064
624,human2_lib2.final_cell_0065
625,human2_lib2.final_cell_0066
626,human2_lib2.final_cell_0067
627,human2_lib2.final_cell_0068
628,human2_lib2.final_cell_0069
629,human2_lib2.final_cell_0070
630,human2_lib2.final_cell_0071
631,human2_lib2.final_cell_0072
632,human2_lib2.final_cell_0073
633,human2_lib2.final_cell_0074
634,human2_lib2.final_cell_0075
635,human2_lib2.final_cell_0076
636,human2_lib2.final_cell_0077
637,human2_lib2.final_cell_0078
638,human2_lib2.final_cell_0079
639,human2_lib2.final_cell_0080
640,human2_lib2.final_cell_0081
641,human2_lib2.final_cell_0082
642,human2_lib2.final_cell_0083
643,human2_lib2.final_cell_0084
644,human2_lib2.final_cell_0085
645,human2_lib2.final_cell_0086
646,human2_lib2.final_cell_0087
647,human2_lib2.final_cell_0088
648,human2_lib2.final_cell_0089
649,human2_lib2.final_cell_0090
650,human2_lib2.final_cell_0091
651,human2_lib2.final_cell_0092
652,human2_lib2.final_cell_0093
653,human2_lib2.final_cell_0094
654,human2_lib2.final_cell_0095
655,human2_lib2.final_cell_0096
656,human2_lib2.final_cell_0097
657,human2_lib2.final_cell_0098
658,human2_lib2.final_cell_0099
659,human2_lib2.final_cell_0100
660,human2_lib2.final_cell_0101
661,human2_lib2.final_cell_0102
662,human2_lib2.final_cell_0103
663,human2_lib2.final_cell_0104
664,human2_lib2.final_cell_0105
665,human2_lib2.final_cell_0106
666,human2_lib2.final_cell_0107
667,human2_lib2.final_cell_0108
668,human2_lib2.final_cell_0109
669,human2_lib2.final_cell_0110
670,human2_lib2.final_cell_0111
671,human2_lib2.final_cell_0112
672,human2_lib2.final_cell_0113
673,human2_lib2.final_cell_0114
674,human2_lib2.final_cell_0115
675,human2_lib2.final_cell_0116
676,human2_lib2.final_cell_0117
677,human2_lib2.final_cell_0118
678,human2_lib2.final_cell_0119
679,human2_lib2.final_cell_0120
680,human2_lib2.final_cell_0121
681,human2_lib2.final_cell_0122
682,human2_lib2.final_cell_0123
683,human2_lib2.final_cell_0124
684,human2_lib2.final_cell_0125
685,human2_lib2.final_cell_0126
686,human2_lib2.final_cell_0127
687,human2_lib2.final_cell_0128
688,human2_lib2.final_cell_0129
689,human2_lib2.final_cell_0130
690,human2_lib2.final_cell_0131
691,human2_lib2.final_cell_0132
692,human2_lib2.final_cell_0133
693,human2_lib2.final_cell_0134
694,human2_lib2.final_cell_0135
695,human2_lib2.final_cell_0136
696,human2_lib2.final_cell_0137
697,human2_lib2.final_cell_0138
698,human2_lib2.final_cell_0139
699,human2_lib2.final_cell_0140
700,human2_lib2.final_cell_0141
701,human2_lib2.final_cell_0142
702,human2_lib2.final_cell_0143
703,human2_lib2.final_cell_0144
704,human2_lib2.final_cell_0145
705,human2_lib2.final_cell_0146
706,human2_lib2.final_cell_0147
707,human2_lib2.final_cell_0148
708,human2_lib2.final_cell_0149
709,human2_lib2.final_cell_0150
710,human2_lib2.final_cell_0151
711,human2_lib2.final_cell_0152
712,human2_lib2.final_cell_0153
713,human2_lib2.final_cell_0154
714,human2_lib2.final_cell_0155
715,human2_lib2.final_cell_0156
716,human2_lib2.final_cell_0157
717,human2_lib2.final_cell_0158
718,human2_lib2.final_cell_0159
719,human2_lib2.final_cell_0160
720,human2_lib2.final_cell_0161
721,human2_lib2.final_cell_0162
722,human2_lib2.final_cell_0163
723,human2_lib2.final_cell_0164
724,human2_lib2.final_cell_0165
725,human2_lib2.final_cell_0166
726,human2_lib2.final_cell_0167
727,human2_lib2.final_cell_0168
728,human2_lib2.final_cell_0169
729,human2_lib2.final_cell_0170
730,human2_lib2.final_cell_0171
731,human2_lib2.final_cell_0172
732,human2_lib2.final_cell_0173
733,human2_lib2.final_cell_0174
734,human2_lib2.final_cell_0175
735,human2_lib2.final_cell_0176
736,human2_lib2.final_cell_0177
737,human2_lib2.final_cell_0178
738,human2_lib2.final_cell_0179
739,human2_lib2.final_cell_0180
740,human2_lib2.final_cell_0181
741,human2_lib2.final_cell_0182
742,human2_lib2.final_cell_0183
743,human2_lib2.final_cell_0184
744,human2_lib2.final_cell_0185
745,human2_lib2.final_cell_0186
746,human2_lib2.final_cell_0187
747,human2_lib2.final_cell_0188
748,human2_lib2.final_cell_0189
749,human2_lib2.final_cell_0190
750,human2_lib2.final_cell_0191
751,human2_lib2.final_cell_0192
752,human2_lib2.final_cell_0193
753,human2_lib2.final_cell_0194
754,human2_lib2.final_cell_0195
755,human2_lib2.final_cell_0196
756,human2_lib2.final_cell_0197
757,human2_lib2.final_cell_0198
758,human2_lib2.final_cell_0199
759,human2_lib2.final_cell_0200
760,human2_lib2.final_cell_0201
761,human2_lib2.final_cell_0202
762,human2_lib2.final_cell_0203
763,human2_lib2.final_cell_0204
764,human2_lib2.final_cell_0205
765,human2_lib2.final_cell_0206
766,human2_lib2.final_cell_0207
767,human2_lib2.final_cell_0208
768,human2_lib2.final_cell_0209
769,human2_lib2.final_cell_0210
770,human2_lib2.final_cell_0211
771,human2_lib2.final_cell_0212
772,human2_lib2.final_cell_0213
773,human2_lib2.final_cell_0214
774,human2_lib2.final_cell_0215
775,human2_lib2.final_cell_0216
776,human2_lib2.final_cell_0217
777,human2_lib2.final_cell_0218
778,human2_lib2.final_cell_0219
779,human2_lib2.final_cell_0220
780,human2_lib2.final_cell_0221
781,human2_lib2.final_cell_0222
782,human2_lib2.final_cell_0223
783,human2_lib2.final_cell_0224
784,human2_lib2.final_cell_0225
785,human2_lib2.final_cell_0226
786,human2_lib2.final_cell_0227
787,human2_lib2.final_cell_0228
788,human2_lib2.final_cell_0229
789,human2_lib2.final_cell_0230
790,human2_lib2.final_cell_0231
791,human2_lib2.final_cell_0232
792,human2_lib2.final_cell_0233
793,human2_lib2.final_cell_0234
794,human2_lib2.final_cell_0235
795,human2_lib2.final_cell_0236
796,human2_lib2.final_cell_0237
797,human2_lib2.final_cell_0238
798,human2_lib2.final_cell_0239
799,human2_lib2.final_cell_0240
800,human2_lib2.final_cell_0241
801,human2_lib2.final_cell_0242
802,human2_lib2.final_cell_0243
803,human2_lib2.final_cell_0244
804,human2_lib2.final_cell_0245
805,human2_lib2.final_cell_0246
806,human2_lib2.final_cell_0247
807,human2_lib2.final_cell_0248
808,human2_lib2.final_cell_0249
809,human2_lib2.final_cell_0250
810,human2_lib2.final_cell_0251
811,human2_lib2.final_cell_0252
812,human2_lib2.final_cell_0253
813,human2_lib2.final_cell_0254
814,human2_lib2.final_cell_0255
815,human2_lib2.final_cell_0256
816,human2_lib2.final_cell_0257
817,human2_lib2.final_cell_0258
818,human2_lib2.final_cell_0259
819,human2_lib2.final_cell_0260
820,human2_lib2.final_cell_0261
821,human2_lib2.final_cell_0262
822,human2_lib2.final_cell_0263
823,human2_lib2.final_cell_0264
824,human2_lib2.final_cell_0265
825,human2_lib2.final_cell_0266
826,human2_lib2.final_cell_0267
827,human2_lib2.final_cell_0268
828,human2_lib2.final_cell_0269
829,human2_lib2.final_cell_0270
830,human2_lib2.final_cell_0271
831,human2_lib2.final_cell_0272
832,human2_lib2.final_cell_0273
833,human2_lib2.final_cell_0274
834,human2_lib2.final_cell_0275
835,human2_lib2.final_cell_0276
836,human2_lib2.final_cell_0277
837,human2_lib2.final_cell_0278
838,human2_lib2.final_cell_0279
839,human2_lib2.final_cell_0280
840,human2_lib2.final_cell_0281
841,human2_lib2.final_cell_0282
842,human2_lib2.final_cell_0283
843,human2_lib2.final_cell_0284
844,human2_lib2.final_cell_0285
845,human2_lib2.final_cell_0286
846,human2_lib2.final_cell_0287
847,human2_lib2.final_cell_0288
848,human2_lib2.final_cell_0289
849,human2_lib2.final_cell_0290
850,human2_lib2.final_cell_0291
851,human2_lib2.final_cell_0292
852,human2_lib2.final_cell_0293
853,human2_lib2.final_cell_0294
854,human2_lib2.final_cell_0295
855,human2_lib2.final_cell_0296
856,human2_lib2.final_cell_0297
857,human2_lib2.final_cell_0298
858,human2_lib2.final_cell_0299
859,human2_lib2.final_cell_0300
860,human2_lib2.final_cell_0301
861,human2_lib2.final_cell_0302
862,human2_lib2.final_cell_0303
863,human2_lib2.final_cell_0304
864,human2_lib2.final_cell_0305
865,human2_lib2.final_cell_0306
866,human2_lib2.final_cell_0307
867,human2_lib2.final_cell_0308
868,human2_lib2.final_cell_0309
869,human2_lib2.final_cell_0310
870,human2_lib2.final_cell_0311
871,human2_lib2.final_cell_0312
872,human2_lib2.final_cell_0313
873,human2_lib2.final_cell_0314
874,human2_lib2.final_cell_0315
875,human2_lib2.final_cell_0316
876,human2_lib2.final_cell_0317
877,human2_lib2.final_cell_0318
878,human2_lib2.final_cell_0319
879,human2_lib2.final_cell_0320
880,human2_lib2.final_cell_0321
881,human2_lib2.final_cell_0322
882,human2_lib2.final_cell_0323
883,human2_lib2.final_cell_0324
884,human2_lib2.final_cell_0325
885,human2_lib2.final_cell_0326
886,human2_lib2.final_cell_0327
887,human2_lib2.final_cell_0328
888,human2_lib2.final_cell_0329
889,human2_lib2.final_cell_0330
890,human2_lib2.final_cell_0331
891,human2_lib2.final_cell_0332
892,human2_lib2.final_cell_0333
893,human2_lib2.final_cell_0334
894,human2_lib2.final_cell_0335
895,human2_lib2.final_cell_0336
896,human2_lib2.final_cell_0337
897,human2_lib2.final_cell_0338
898,human2_lib2.final_cell_0339
899,human2_lib2.final_cell_0340
900,human2_lib2.final_cell_0341
901,human2_lib2.final_cell_0342
902,human2_lib2.final_cell_0343
903,human2_lib2.final_cell_0344
904,human2_lib2.final_cell_0345
905,human2_lib2.final_cell_0346
906,human2_lib2.final_cell_0347
907,human2_lib2.final_cell_0348
908,human2_lib2.final_cell_0349
909,human2_lib2.final_cell_0350
910,human2_lib2.final_cell_0351
911,human2_lib2.final_cell_0352
912,human2_lib2.final_cell_0353
913,human2_lib2.final_cell_0354
914,human2_lib2.final_cell_0355
915,human2_lib2.final_cell_0356
916,human2_lib2.final_cell_0357
917,human2_lib2.final_cell_0358
918,human2_lib2.final_cell_0359
919,human2_lib2.final_cell_0360
920,human2_lib2.final_cell_0361
921,human2_lib2.final_cell_0362
922,human2_lib2.final_cell_0363
923,human2_lib2.final_cell_0364
924,human2_lib2.final_cell_0365
925,human2_lib2.final_cell_0366
926,human2_lib2.final_cell_0367
927,human2_lib2.final_cell_0368
928,human2_lib2.final_cell_0369
929,human2_lib2.final_cell_0370
930,human2_lib2.final_cell_0371
931,human2_lib2.final_cell_0372
932,human2_lib2.final_cell_0373
933,human2_lib2.final_cell_0374
934,human2_lib2.final_cell_0375
935,human2_lib2.final_cell_0376
936,human2_lib2.final_cell_0377
937,human2_lib2.final_cell_0378
938,human2_lib2.final_cell_0379
939,human2_lib2.final_cell_0380
940,human2_lib2.final_cell_0381
941,human2_lib2.final_cell_0382
942,human2_lib2.final_cell_0383
943,human2_lib2.final_cell_0384
944,human2_lib2.final_cell_0385
945,human2_lib2.final_cell_0386
946,human2_lib2.final_cell_0387
947,human2_lib2.final_cell_0388
948,human2_lib2.final_cell_0389
949,human2_lib2.final_cell_0390
950,human2_lib2.final_cell_0391
951,human2_lib2.final_cell_0392
952,human2_lib2.final_cell_0393
953,human2_lib2.final_cell_0394
954,human2_lib2.final_cell_0395
955,human2_lib2.final_cell_0396
956,human2_lib2.final_cell_0397
957,human2_lib2.final_cell_0398
958,human2_lib2.final_cell_0399
959,human2_lib2.final_cell_0400
960,human2_lib2.final_cell_0401
961,human2_lib2.final_cell_0402
962,human2_lib2.final_cell_0403
963,human2_lib2.final_cell_0404
964,human2_lib2.final_cell_0405
965,human2_lib2.final_cell_0406
966,human2_lib2.final_cell_0407
967,human2_lib2.final_cell_0408
968,human2_lib2.final_cell_0409
969,human2_lib2.final_cell_0410
970,human2_lib2.final_cell_0411
971,human2_lib2.final_cell_0412
972,human2_lib2.final_cell_0413
973,human2_lib2.final_cell_0414
974,human2_lib2.final_cell_0415
975,human2_lib2.final_cell_0416
976,human2_lib2.final_cell_0417
977,human2_lib2.final_cell_0418
978,human2_lib2.final_cell_0419
979,human2_lib2.final_cell_0420
980,human2_lib2.final_cell_0421
981,human2_lib2.final_cell_0422
982,human2_lib2.final_cell_0423
983,human2_lib2.final_cell_0424
984,human2_lib2.final_cell_0425
985,human2_lib2.final_cell_0426
986,human2_lib2.final_cell_0427
987,human2_lib2.final_cell_0428
988,human2_lib2.final_cell_0429
989,human2_lib2.final_cell_0430
990,human2_lib2.final_cell_0431
991,human2_lib2.final_cell_0432
992,human2_lib2.final_cell_0433
993,human2_lib2.final_cell_0434
994,human2_lib2.final_cell_0435
995,human2_lib2.final_cell_0436
996,human2_lib2.final_cell_0437
997,human2_lib2.final_cell_0438
998,human2_lib2.final_cell_0439
999,human2_lib2.final_cell_0440
1000,human2_lib2.final_cell_0441
1001,human2_lib2.final_cell_0442
1002,human2_lib2.final_cell_0443
1003,human2_lib2.final_cell_0444
1004,human2_lib2.final_cell_0445
1005,human2_lib2.final_cell_0446
1006,human2_lib2.final_cell_0447
1007,human2_lib2.final_cell_0448
1008,human2_lib2.final_cell_0449
1009,human2_lib2.final_cell_0450
1010,human2_lib2.final_cell_0451
1011,human2_lib2.final_cell_0452
1012,human2_lib2.final_cell_0453
1013,human2_lib2.final_cell_0454
1014,human2_lib2.final_cell_0455
1015,human2_lib2.final_cell_0456
1016,human2_lib2.final_cell_0457
1017,human2_lib2.final_cell_0458
1018,human2_lib2.final_cell_0459
1019,human2_lib2.final_cell_0460
1020,human2_lib2.final_cell_0461
1021,human2_lib2.final_cell_0462
1022,human2_lib2.final_cell_0463
1023,human2_lib2.final_cell_0464
1024,human2_lib2.final_cell_0465
1025,human2_lib2.final_cell_0466
1026,human2_lib2.final_cell_0467
1027,human2_lib2.final_cell_0468
1028,human2_lib2.final_cell_0469
1029,human2_lib2.final_cell_0470
1030,human2_lib2.final_cell_0471
1031,human2_lib2.final_cell_0472
1032,human2_lib2.final_cell_0473
1033,human2_lib2.final_cell_0474
1034,human2_lib2.final_cell_0475
1035,human2_lib2.final_cell_0476
1036,human2_lib2.final_cell_0477
1037,human2_lib2.final_cell_0478
1038,human2_lib2.final_cell_0479
1039,human2_lib2.final_cell_0480
1040,human2_lib2.final_cell_0481
1041,human2_lib2.final_cell_0482
1042,human2_lib2.final_cell_0483
1043,human2_lib2.final_cell_0484
1044,human2_lib2.final_cell_0485
1045,human2_lib2.final_cell_0486
1046,human2_lib2.final_cell_0487
1047,human2_lib2.final_cell_0488
1048,human2_lib2.final_cell_0489
1049,human2_lib2.final_cell_0490
1050,human2_lib2.final_cell_0491
1051,human2_lib2.final_cell_0492
1052,human2_lib2.final_cell_0493
1053,human2_lib2.final_cell_0494
1054,human2_lib2.final_cell_0495
1055,human2_lib2.final_cell_0496
1056,human2_lib2.final_cell_0497
1057,human2_lib2.final_cell_0498
1058,human2_lib2.final_cell_0499
1059,human2_lib2.final_cell_0500
1060,human2_lib2.final_cell_0501
1061,human2_lib2.final_cell_0502
1062,human2_lib2.final_cell_0503
1063,human2_lib2.final_cell_0504
1064,human2_lib2.final_cell_0505
1065,human2_lib2.final_cell_0506
1066,human2_lib2.final_cell_0507
1067,human2_lib2.final_cell_0508
1068,human2_lib2.final_cell_0509
1069,human2_lib2.final_cell_0510
1070,human2_lib2.final_cell_0511
1071,human2_lib2.final_cell_0512
1072,human2_lib2.final_cell_0513
1073,human2_lib2.final_cell_0514
1074,human2_lib2.final_cell_0515
1075,human2_lib2.final_cell_0516
1076,human2_lib2.final_cell_0517
1077,human2_lib2.final_cell_0518
1078,human2_lib2.final_cell_0519
1079,human2_lib2.final_cell_0520
1080,human2_lib2.final_cell_0521
1081,human2_lib2.final_cell_0522
1082,human2_lib2.final_cell_0523
1083,human2_lib2.final_cell_0524
1084,human2_lib2.final_cell_0525
1085,human2_lib2.final_cell_0526
1086,human2_lib2.final_cell_0527
1087,human2_lib2.final_cell_0528
1088,human2_lib2.final_cell_0529
1089,human2_lib2.final_cell_0530
1090,human2_lib2.final_cell_0531
1091,human2_lib2.final_cell_0532
1092,human2_lib2.final_cell_0533
1093,human2_lib2.final_cell_0534
1094,human2_lib2.final_cell_0535
1095,human2_lib2.final_cell_0536
1096,human2_lib2.final_cell_0537
1097,human2_lib2.final_cell_0538
1098,human2_lib2.final_cell_0539
1099,human2_lib2.final_cell_0540
1100,human2_lib2.final_cell_0541
1101,human2_lib2.final_cell_0542
1102,human2_lib2.final_cell_0543
1103,human2_lib2.final_cell_0544
1104,human2_lib2.final_cell_0545
1105,human2_lib2.final_cell_0546
1106,human2_lib2.final_cell_0547
1107,human2_lib2.final_cell_0548
1108,human2_lib2.final_cell_0549
1109,human2_lib2.final_cell_0550
1110,human2_lib2.final_cell_0551
1111,human2_lib2.final_cell_0552
1112,human2_lib2.final_cell_0553
1113,human2_lib2.final_cell_0554
1114,human2_lib2.final_cell_0555
1115,human2_lib2.final_cell_0556
1116,human2_lib2.final_cell_0557
1117,human2_lib2.final_cell_0558
1118,human2_lib2.final_cell_0559
1119,human2_lib2.final_cell_0560
1120,human2_lib2.final_cell_0561
1121,human2_lib2.final_cell_0562
1122,human2_lib2.final_cell_0563
1123,human2_lib2.final_cell_0564
1124,human2_lib2.final_cell_0565
1125,human2_lib2.final_cell_0566
1126,human2_lib2.final_cell_0567
1127,human2_lib2.final_cell_0568
1128,human2_lib2.final_cell_0569
1129,human2_lib2.final_cell_0570
1130,human2_lib2.final_cell_0571
1131,human2_lib2.final_cell_0572
1132,human2_lib2.final_cell_0573
1133,human2_lib2.final_cell_0574
1134,human2_lib2.final_cell_0575
1135,human2_lib2.final_cell_0576
1136,human2_lib2.final_cell_0577
1137,human2_lib2.final_cell_0578
1138,human2_lib2.final_cell_0579
1139,human2_lib2.final_cell_0580
1140,human2_lib2.final_cell_0581
1141,human2_lib2.final_cell_0582
1142,human2_lib2.final_cell_0583
1143,human2_lib2.final_cell_0584
1144,human2_lib2.final_cell_0585
1145,human2_lib2.final_cell_0586
1146,human2_lib2.final_cell_0587
1147,human2_lib2.final_cell_0588
1148,human2_lib2.final_cell_0589
1149,human2_lib2.final_cell_0590
1150,human2_lib2.final_cell_0591
1151,human2_lib2.final_cell_0592
1152,human2_lib2.final_cell_0593
1153,human2_lib2.final_cell_0594
1154,human2_lib2.final_cell_0595
1155,human2_lib2.final_cell_0596
1156,human2_lib2.final_cell_0597
1157,human2_lib2.final_cell_0598
1158,human2_lib2.final_cell_0599
1159,human2_lib2.final_cell_0600
1160,human2_lib3.final_cell_0001
1161,human2_lib3.final_cell_0002
1162,human2_lib3.final_cell_0003
1163,human2_lib3.final_cell_0004
1164,human2_lib3.final_cell_0005
1165,human2_lib3.final_cell_0006
1166,human2_lib3.final_cell_0007
1167,human2_lib3.final_cell_0008
1168,human2_lib3.final_cell_0009
1169,human2_lib3.final_cell_0010
1170,human2_lib3.final_cell_0011
1171,human2_lib3.final_cell_0012
1172,human2_lib3.final_cell_0013
1173,human2_lib3.final_cell_0014
1174,human2_lib3.final_cell_0015
1175,human2_lib3.final_cell_0016
1176,human2_lib3.final_cell_0017
1177,human2_lib3.final_cell_0018
1178,human2_lib3.final_cell_0019
1179,human2_lib3.final_cell_0020
1180,human2_lib3.final_cell_0021
1181,human2_lib3.final_cell_0022
1182,human2_lib3.final_cell_0023
1183,human2_lib3.final_cell_0024
1184,human2_lib3.final_cell_0025
1185,human2_lib3.final_cell_0026
1186,human2_lib3.final_cell_0027
1187,human2_lib3.final_cell_0028
1188,human2_lib3.final_cell_0029
1189,human2_lib3.final_cell_0030
1190,human2_lib3.final_cell_0031
1191,human2_lib3.final_cell_0032
1192,human2_lib3.final_cell_0033
1193,human2_lib3.final_cell_0034
1194,human2_lib3.final_cell_0035
1195,human2_lib3.final_cell_0036
1196,human2_lib3.final_cell_0037
1197,human2_lib3.final_cell_0038
1198,human2_lib3.final_cell_0039
1199,human2_lib3.final_cell_0040
1200,human2_lib3.final_cell_0041
1201,human2_lib3.final_cell_0042
1202,human2_lib3.final_cell_0043
1203,human2_lib3.final_cell_0044
1204,human2_lib3.final_cell_0045
1205,human2_lib3.final_cell_0046
1206,human2_lib3.final_cell_0047
1207,human2_lib3.final_cell_0048
1208,human2_lib3.final_cell_0049
1209,human2_lib3.final_cell_0050
1210,human2_lib3.final_cell_0051
1211,human2_lib3.final_cell_0052
1212,human2_lib3.final_cell_0053
1213,human2_lib3.final_cell_0054
1214,human2_lib3.final_cell_0055
1215,human2_lib3.final_cell_0056
1216,human2_lib3.final_cell_0057
1217,human2_lib3.final_cell_0058
1218,human2_lib3.final_cell_0059
1219,human2_lib3.final_cell_0060
1220,human2_lib3.final_cell_0061
1221,human2_lib3.final_cell_0062
1222,human2_lib3.final_cell_0063
1223,human2_lib3.final_cell_0064
1224,human2_lib3.final_cell_0065
1225,human2_lib3.final_cell_0066
1226,human2_lib3.final_cell_0067
1227,human2_lib3.final_cell_0068
1228,human2_lib3.final_cell_0069
1229,human2_lib3.final_cell_0070
1230,human2_lib3.final_cell_0071
1231,human2_lib3.final_cell_0072
1232,human2_lib3.final_cell_0073
1233,human2_lib3.final_cell_0074
1234,human2_lib3.final_cell_0075
1235,human2_lib3.final_cell_0076
1236,human2_lib3.final_cell_0077
1237,human2_lib3.final_cell_0078
1238,human2_lib3.final_cell_0079
1239,human2_lib3.final_cell_0080
1240,human2_lib3.final_cell_0081
1241,human2_lib3.final_cell_0082
1242,human2_lib3.final_cell_0083
1243,human2_lib3.final_cell_0084
1244,human2_lib3.final_cell_0085
1245,human2_lib3.final_cell_0086
1246,human2_lib3.final_cell_0087
1247,human2_lib3.final_cell_0088
1248,human2_lib3.final_cell_0089
1249,human2_lib3.final_cell_0090
1250,human2_lib3.final_cell_0091
1251,human2_lib3.final_cell_0092
1252,human2_lib3.final_cell_0093
1253,human2_lib3.final_cell_0094
1254,human2_lib3.final_cell_0095
1255,human2_lib3.final_cell_0096
1256,human2_lib3.final_cell_0097
1257,human2_lib3.final_cell_0098
1258,human2_lib3.final_cell_0099
1259,human2_lib3.final_cell_0100
1260,human2_lib3.final_cell_0101
1261,human2_lib3.final_cell_0102
1262,human2_lib3.final_cell_0103
1263,human2_lib3.final_cell_0104
1264,human2_lib3.final_cell_0105
1265,human2_lib3.final_cell_0106
1266,human2_lib3.final_cell_0107
1267,human2_lib3.final_cell_0108
1268,human2_lib3.final_cell_0109
1269,human2_lib3.final_cell_0110
1270,human2_lib3.final_cell_0111
1271,human2_lib3.final_cell_0112
1272,human2_lib3.final_cell_0113
1273,human2_lib3.final_cell_0114
1274,human2_lib3.final_cell_0115
1275,human2_lib3.final_cell_0116
1276,human2_lib3.final_cell_0117
1277,human2_lib3.final_cell_0118
1278,human2_lib3.final_cell_0119
1279,human2_lib3.final_cell_0120
1280,human2_lib3.final_cell_0121
1281,human2_lib3.final_cell_0122
1282,human2_lib3.final_cell_0123
1283,human2_lib3.final_cell_0124
1284,human2_lib3.final_cell_0125
1285,human2_lib3.final_cell_0126
1286,human2_lib3.final_cell_0127
1287,human2_lib3.final_cell_0128
1288,human2_lib3.final_cell_0129
1289,human2_lib3.final_cell_0130
1290,human2_lib3.final_cell_0131
1291,human2_lib3.final_cell_0132
1292,human2_lib3.final_cell_0133
1293,human2_lib3.final_cell_0134
1294,human2_lib3.final_cell_0135
1295,human2_lib3.final_cell_0136
1296,human2_lib3.final_cell_0137
1297,human2_lib3.final_cell_0138
1298,human2_lib3.final_cell_0139
1299,human2_lib3.final_cell_0140
1300,human2_lib3.final_cell_0141
1301,human2_lib3.final_cell_0142
1302,human2_lib3.final_cell_0143
1303,human2_lib3.final_cell_0144
1304,human2_lib3.final_cell_0145
1305,human2_lib3.final_cell_0146
1306,human2_lib3.final_cell_0147
1307,human2_lib3.final_cell_0148
1308,human2_lib3.final_cell_0149
1309,human2_lib3.final_cell_0150
1310,human2_lib3.final_cell_0151
1311,human2_lib3.final_cell_0152
1312,human2_lib3.final_cell_0153
1313,human2_lib3.final_cell_0154
1314,human2_lib3.final_cell_0155
1315,human2_lib3.final_cell_0156
1316,human2_lib3.final_cell_0157
1317,human2_lib3.final_cell_0158
1318,human2_lib3.final_cell_0159
1319,human2_lib3.final_cell_0160
1320,human2_lib3.final_cell_0161
1321,human2_lib3.final_cell_0162
1322,human2_lib3.final_cell_0163
1323,human2_lib3.final_cell_0164
1324,human2_lib3.final_cell_0165
1325,human2_lib3.final_cell_0166
1326,human2_lib3.final_cell_0167
1327,human2_lib3.final_cell_0168
1328,human2_lib3.final_cell_0169
1329,human2_lib3.final_cell_0170
1330,human2_lib3.final_cell_0171
1331,human2_lib3.final_cell_0172
1332,human2_lib3.final_cell_0173
1333,human2_lib3.final_cell_0174
1334,human2_lib3.final_cell_0175
1335,human2_lib3.final_cell_0176
1336,human2_lib3.final_cell_0177
1337,human2_lib3.final_cell_0178
1338,human2_lib3.final_cell_0179
1339,human2_lib3.final_cell_0180
1340,human2_lib3.final_cell_0181
1341,human2_lib3.final_cell_0182
1342,human2_lib3.final_cell_0183
1343,human2_lib3.final_cell_0184
1344,human2_lib3.final_cell_0185
1345,human2_lib3.final_cell_0186
1346,human2_lib3.final_cell_0187
1347,human2_lib3.final_cell_0188
1348,human2_lib3.final_cell_0189
1349,human2_lib3.final_cell_0190
1350,human2_lib3.final_cell_0191
1351,human2_lib3.final_cell_0192
1352,human2_lib3.final_cell_0193
1353,human2_lib3.final_cell_0194
1354,human2_lib3.final_cell_0195
1355,human2_lib3.final_cell_0196
1356,human2_lib3.final_cell_0197
1357,human2_lib3.final_cell_0198
1358,human2_lib3.final_cell_0199
1359,human2_lib3.final_cell_0200
1360,human2_lib3.final_cell_0201
1361,human2_lib3.final_cell_0202
1362,human2_lib3.final_cell_0203
1363,human2_lib3.final_cell_0204
1364,human2_lib3.final_cell_0205
1365,human2_lib3.final_cell_0206
1366,human2_lib3.final_cell_0207
1367,human2_lib3.final_cell_0208
1368,human2_lib3.final_cell_0209
1369,human2_lib3.final_cell_0210
1370,human2_lib3.final_cell_0211
1371,human2_lib3.final_cell_0212
1372,human2_lib3.final_cell_0213
1373,human2_lib3.final_cell_0214
1374,human2_lib3.final_cell_0215
1375,human2_lib3.final_cell_0216
1376,human2_lib3.final_cell_0217
1377,human2_lib3.final_cell_0218
1378,human2_lib3.final_cell_0219
1379,human2_lib3.final_cell_0220
1380,human2_lib3.final_cell_0221
1381,human2_lib3.final_cell_0222
1382,human2_lib3.final_cell_0223
1383,human2_lib3.final_cell_0224
1384,human2_lib3.final_cell_0225
1385,human2_lib3.final_cell_0226
1386,human2_lib3.final_cell_0227
1387,human2_lib3.final_cell_0228
1388,human2_lib3.final_cell_0229
1389,human2_lib3.final_cell_0230
1390,human2_lib3.final_cell_0231
1391,human2_lib3.final_cell_0232
1392,human2_lib3.final_cell_0233
1393,human2_lib3.final_cell_0234
1394,human2_lib3.final_cell_0235
1395,human2_lib3.final_cell_0236
1396,human2_lib3.final_cell_0237
1397,human2_lib3.final_cell_0238
1398,human2_lib3.final_cell_0239
1399,human2_lib3.final_cell_0240
1400,human2_lib3.final_cell_0241
1401,human2_lib3.final_cell_0242
1402,human2_lib3.final_cell_0243
1403,human2_lib3.final_cell_0244
1404,human2_lib3.final_cell_0245
1405,human2_lib3.final_cell_0246
1406,human2_lib3.final_cell_0247
1407,human2_lib3.final_cell_0248
1408,human2_lib3.final_cell_0249
1409,human2_lib3.final_cell_0250
1410,human2_lib3.final_cell_0251
1411,human2_lib3.final_cell_0252
1412,human2_lib3.final_cell_0253
1413,human2_lib3.final_cell_0254
1414,human2_lib3.final_cell_0255
1415,human2_lib3.final_cell_0256
1416,human2_lib3.final_cell_0257
1417,human2_lib3.final_cell_0258
1418,human2_lib3.final_cell_0259
1419,human2_lib3.final_cell_0260
1420,human2_lib3.final_cell_0261
1421,human2_lib3.final_cell_0262
1422,human2_lib3.final_cell_0263
1423,human2_lib3.final_cell_0264
1424,human2_lib3.final_cell_0265
1425,human2_lib3.final_cell_0266
1426,human2_lib3.final_cell_0267
1427,human2_lib3.final_cell_0268
1428,human2_lib3.final_cell_0269
1429,human2_lib3.final_cell_0270
1430,human2_lib3.final_cell_0271
1431,human2_lib3.final_cell_0272
1432,human2_lib3.final_cell_0273
1433,human2_lib3.final_cell_0274
1434,human2_lib3.final_cell_0275
1435,human2_lib3.final_cell_0276
1436,human2_lib3.final_cell_0277
1437,human2_lib3.final_cell_0278
1438,human2_lib3.final_cell_0279
1439,human2_lib3.final_cell_0280
1440,human2_lib3.final_cell_0281
1441,human2_lib3.final_cell_0282
1442,human2_lib3.final_cell_0283
1443,human2_lib3.final_cell_0284
1444,human2_lib3.final_cell_0285
1445,human2_lib3.final_cell_0286
1446,human2_lib3.final_cell_0287
1447,human2_lib3.final_cell_0288
1448,human2_lib3.final_cell_0289
1449,human2_lib3.final_cell_0290
1450,human2_lib3.final_cell_0291
1451,human2_lib3.final_cell_0292
1452,human2_lib3.final_cell_0293
1453,human2_lib3.final_cell_0294
1454,human2_lib3.final_cell_0295
1455,human2_lib3.final_cell_0296
1456,human2_lib3.final_cell_0297
1457,human2_lib3.final_cell_0298
1458,human2_lib3.final_cell_0299
1459,human2_lib3.final_cell_0300
1460,human2_lib3.final_cell_0301
1461,human2_lib3.final_cell_0302
1462,human2_lib3.final_cell_0303
1463,human2_lib3.final_cell_0304
1464,human2_lib3.final_cell_0305
1465,human2_lib3.final_cell_0306
1466,human2_lib3.final_cell_0307
1467,human2_lib3.final_cell_0308
1468,human2_lib3.final_cell_0309
1469,human2_lib3.final_cell_0310
1470,human2_lib3.final_cell_0311
1471,human2_lib3.final_cell_0312
1472,human2_lib3.final_cell_0313
1473,human2_lib3.final_cell_0314
1474,human2_lib3.final_cell_0315
1475,human2_lib3.final_cell_0316
1476,human2_lib3.final_cell_0317
1477,human2_lib3.final_cell_0318
1478,human2_lib3.final_cell_0319
1479,human2_lib3.final_cell_0320
1480,human2_lib3.final_cell_0321
1481,human2_lib3.final_cell_0322
1482,human2_lib3.final_cell_0323
1483,human2_lib3.final_cell_0324
1484,human2_lib3.final_cell_0325
1485,human2_lib3.final_cell_0326
1486,human2_lib3.final_cell_0327
1487,human2_lib3.final_cell_0328
1488,human2_lib3.final_cell_0329
1489,human2_lib3.final_cell_0330
1490,human2_lib3.final_cell_0331
1491,human2_lib3.final_cell_0332
1492,human2_lib3.final_cell_0333
1493,human2_lib3.final_cell_0334
1494,human2_lib3.final_cell_0335
1495,human2_lib3.final_cell_0336
1496,human2_lib3.final_cell_0337
1497,human2_lib3.final_cell_0338
1498,human2_lib3.final_cell_0339
1499,human2_lib3.final_cell_0340
1500,human2_lib3.final_cell_0341
1501,human2_lib3.final_cell_0342
1502,human2_lib3.final_cell_0343
1503,human2_lib3.final_cell_0344
1504,human2_lib3.final_cell_0345
1505,human2_lib3.final_cell_0346
1506,human2_lib3.final_cell_0347
1507,human2_lib3.final_cell_0348
1508,human2_lib3.final_cell_0349
1509,human2_lib3.final_cell_0350
1510,human2_lib3.final_cell_0351
1511,human2_lib3.final_cell_0352
1512,human2_lib3.final_cell_0353
1513,human2_lib3.final_cell_0354
1514,human2_lib3.final_cell_0355
1515,human2_lib3.final_cell_0356
1516,human2_lib3.final_cell_0357
1517,human2_lib3.final_cell_0358
1518,human2_lib3.final_cell_0359
1519,human2_lib3.final_cell_0360
1520,human2_lib3.final_cell_0361
1521,human2_lib3.final_cell_0362
1522,human2_lib3.final_cell_0363
1523,human2_lib3.final_cell_0364
1524,human2_lib3.final_cell_0365
1525,human2_lib3.final_cell_0366
1526,human2_lib3.final_cell_0367
1527,human2_lib3.final_cell_0368
1528,human2_lib3.final_cell_0369
1529,human2_lib3.final_cell_0370
1530,human2_lib3.final_cell_0371
1531,human2_lib3.final_cell_0372
1532,human2_lib3.final_cell_0373
1533,human2_lib3.final_cell_0374
1534,human2_lib3.final_cell_0375
1535,human2_lib3.final_cell_0376
1536,human2_lib3.final_cell_0377
1537,human2_lib3.final_cell_0378
1538,human2_lib3.final_cell_0379
1539,human2_lib3.final_cell_0380
1540,human2_lib3.final_cell_0381
1541,human2_lib3.final_cell_0382
1542,human2_lib3.final_cell_0383
1543,human2_lib3.final_cell_0384
1544,human2_lib3.final_cell_0385
1545,human2_lib3.final_cell_0386
1546,human2_lib3.final_cell_0387
1547,human2_lib3.final_cell_0388
1548,human2_lib3.final_cell_0389
1549,human2_lib3.final_cell_0390
1550,human2_lib3.final_cell_0391
1551,human2_lib3.final_cell_0392
1552,human2_lib3.final_cell_0393
1553,human2_lib3.final_cell_0394
1554,human2_lib3.final_cell_0395
1555,human2_lib3.final_cell_0396
1556,human2_lib3.final_cell_0397
1557,human2_lib3.final_cell_0398
1558,human2_lib3.final_cell_0399
1559,human2_lib3.final_cell_0400
1560,human2_lib3.final_cell_0401
1561,human2_lib3.final_cell_0402
1562,human2_lib3.final_cell_0403
1563,human2_lib3.final_cell_0404
1564,human2_lib3.final_cell_0405
1565,human2_lib3.final_cell_0406
1566,human2_lib3.final_cell_0407
1567,human2_lib3.final_cell_0408
1568,human2_lib3.final_cell_0409
1569,human2_lib3.final_cell_0410
1570,human2_lib3.final_cell_0411
1571,human2_lib3.final_cell_0412
1572,human2_lib3.final_cell_0413
1573,human2_lib3.final_cell_0414
1574,human2_lib3.final_cell_0415
1575,human2_lib3.final_cell_0416
1576,human2_lib3.final_cell_0417
1577,human2_lib3.final_cell_0418
1578,human2_lib3.final_cell_0419
1579,human2_lib3.final_cell_0420
1580,human2_lib3.final_cell_0421
1581,human2_lib3.final_cell_0422
1582,human2_lib3.final_cell_0423
1583,human2_lib3.final_cell_0424
1584,human2_lib3.final_cell_0425
1585,human2_lib3.final_cell_0426
1586,human2_lib3.final_cell_0427
1587,human2_lib3.final_cell_0428
1588,human2_lib3.final_cell_0429
1589,human2_lib3.final_cell_0430
1590,human2_lib3.final_cell_0431
1591,human2_lib3.final_cell_0432
1592,human2_lib3.final_cell_0433
1593,human2_lib3.final_cell_0434
1594,human2_lib3.final_cell_0435
1595,human2_lib3.final_cell_0436
1596,human2_lib3.final_cell_0437
1597,human2_lib3.final_cell_0438
1598,human2_lib3.final_cell_0439
1599,human2_lib3.final_cell_0440
1600,human2_lib3.final_cell_0441
1601,human2_lib3.final_cell_0442
1602,human2_lib3.final_cell_0443
1603,human2_lib3.final_cell_0444
1604,human2_lib3.final_cell_0445
1605,human2_lib3.final_cell_0446
1606,human2_lib3.final_cell_0447
1607,human2_lib3.final_cell_0448
1608,human2_lib3.final_cell_0449
1609,human2_lib3.final_cell_0450
1610,human2_lib3.final_cell_0451
1611,human2_lib3.final_cell_0452
1612,human2_lib3.final_cell_0453
1613,human2_lib3.final_cell_0454
1614,human2_lib3.final_cell_0455
1615,human2_lib3.final_cell_0456
1616,human2_lib3.final_cell_0457
1617,human2_lib3.final_cell_0458
1618,human2_lib3.final_cell_0459
1619,human2_lib3.final_cell_0460
1620,human2_lib3.final_cell_0461
1621,human2_lib3.final_cell_0462
1622,human2_lib3.final_cell_0463
1623,human2_lib3.final_cell_0464
1624,human2_lib3.final_cell_0465
1625,human2_lib3.final_cell_0466
1626,human2_lib3.final_cell_0467
1627,human2_lib3.final_cell_0468
1628,human2_lib3.final_cell_0469
1629,human2_lib3.final_cell_0470
1630,human2_lib3.final_cell_0471
1631,human2_lib3.final_cell_0472
1632,human2_lib3.final_cell_0473
1633,human2_lib3.final_cell_0474
1634,human2_lib3.final_cell_0475
1635,human2_lib3.final_cell_0476
1636,human2_lib3.final_cell_0477
1637,human2_lib3.final_cell_0478
1638,human2_lib3.final_cell_0479
1639,human2_lib3.final_cell_0480
1640,human2_lib3.final_cell_0481
1641,human2_lib3.final_cell_0482
1642,human2_lib3.final_cell_0483
1643,human2_lib3.final_cell_0484
1644,human2_lib3.final_cell_0485
1645,human2_lib3.final_cell_0486
1646,human2_lib3.final_cell_0487
1647,human2_lib3.final_cell_0488
1648,human2_lib3.final_cell_0489
1649,human2_lib3.final_cell_0490
1650,human2_lib3.final_cell_0491
1651,human2_lib3.final_cell_0492
1652,human2_lib3.final_cell_0493
1653,human2_lib3.final_cell_0494
1654,human2_lib3.final_cell_0495
1655,human2_lib3.final_cell_0496
1656,human2_lib3.final_cell_0497
1657,human2_lib3.final_cell_0498
1658,human2_lib3.final_cell_0499
1659,human2_lib3.final_cell_0500
1660,human2_lib3.final_cell_0501
1661,human2_lib3.final_cell_0502
1662,human2_lib3.final_cell_0503
1663,human2_lib3.final_cell_0504
1664,human2_lib3.final_cell_0505
1665,human2_lib3.final_cell_0506
1666,human2_lib3.final_cell_0507
1667,human2_lib3.final_cell_0508
1668,human2_lib3.final_cell_0509
1669,human2_lib3.final_cell_0510
1670,human2_lib3.final_cell_0511
1671,human2_lib3.final_cell_0512
1672,human2_lib3.final_cell_0513
1673,human2_lib3.final_cell_0514
1674,human2_lib3.final_cell_0515
1675,human2_lib3.final_cell_0516
1676,human2_lib3.final_cell_0517
1677,human2_lib3.final_cell_0518
1678,human2_lib3.final_cell_0519
1679,human2_lib3.final_cell_0520
1680,human2_lib3.final_cell_0521
1681,human2_lib3.final_cell_0522
1682,human2_lib3.final_cell_0523
1683,human2_lib3.final_cell_0524
1684,human2_lib3.final_cell_0525
1685,human2_lib3.final_cell_0526
1686,human2_lib3.final_cell_0527
1687,human2_lib3.final_cell_0528
1688,human2_lib3.final_cell_0529
1689,human2_lib3.final_cell_0530
1690,human2_lib3.final_cell_0531
1691,human2_lib3.final_cell_0532
1692,human2_lib3.final_cell_0533
1693,human2_lib3.final_cell_0534
1694,human2_lib3.final_cell_0535
1695,human2_lib3.final_cell_0536
1696,human2_lib3.final_cell_0537
1697,human2_lib3.final_cell_0538
1698,human2_lib3.final_cell_0539
1699,human2_lib3.final_cell_0540
1700,human2_lib3.final_cell_0541
1701,human2_lib3.final_cell_0542
1702,human2_lib3.final_cell_0543
1703,human2_lib3.final_cell_0544
1704,human2_lib3.final_cell_0545
1705,human2_lib3.final_cell_0546
1706,human2_lib3.final_cell_0547
1707,human2_lib3.final_cell_0548
1708,human2_lib3.final_cell_0549
1709,human2_lib3.final_cell_0550
1710,human2_lib3.final_cell_0551
1711,human2_lib3.final_cell_0552
1712,human2_lib3.final_cell_0553
1713,human2_lib3.final_cell_0554
1714,human2_lib3.final_cell_0555
1715,human2_lib3.final_cell_0556
1716,human2_lib3.final_cell_0557
1717,human2_lib3.final_cell_0558
1718,human2_lib3.final_cell_0559
1719,human2_lib3.final_cell_0560
1720,human2_lib3.final_cell_0561
1721,human2_lib3.final_cell_0562
1722,human2_lib3.final_cell_0563
1723,human2_lib3.final_cell_0564
1724,human2_lib3.final_cell_0565
