,V1
1,ENSMUSG00000058427
2,ENSMUSG00000019929
3,ENSMUSG00000032496
4,ENSMUSG00000031551
5,ENSMUSG00000038067
6,ENSMUSG00000021765
7,ENSMUSG00000040046
8,ENSMUSG00000030218
9,ENSMUSG00000055148
10,ENSMUSG00000032554
11,ENSMUSG00000029380
12,ENSMUSG00000054146
13,ENSMUSG00000021553
14,ENSMUSG00000027447
15,ENSMUSG00000020427
16,ENSMUSG00000091971
17,ENSMUSG00000027832
18,ENSMUSG00000037095
19,ENSMUSG00000031722
20,ENSMUSG00000019987
21,ENSMUSG00000051439
22,ENSMUSG00000059412
23,ENSMUSG00000000983
24,ENSMUSG00000068220
25,ENSMUSG00000017002
26,ENSMUSG00000021268
27,ENSMUSG00000030905
28,ENSMUSG00000021379
29,ENSMUSG00000027562
30,ENSMUSG00000036256
31,ENSMUSG00000005413
32,ENSMUSG00000098178
33,ENSMUSG00000024578
34,ENSMUSG00000064246
35,ENSMUSG00000001622
36,ENSMUSG00000037071
37,ENSMUSG00000019997
38,ENSMUSG00000026051
39,ENSMUSG00000040152
40,ENSMUSG00000047730
41,ENSMUSG00000031502
42,ENSMUSG00000035557
43,ENSMUSG00000032532
44,ENSMUSG00000024486
45,ENSMUSG00000029761
46,ENSMUSG00000035105
47,ENSMUSG00000020473
48,ENSMUSG00000061527
49,ENSMUSG00000048096
50,ENSMUSG00000075010
51,ENSMUSG00000026728
52,ENSMUSG00000019943
53,ENSMUSG00000021508
54,ENSMUSG00000049866
55,ENSMUSG00000022836
56,ENSMUSG00000027750
57,ENSMUSG00000020218
58,ENSMUSG00000036533
59,ENSMUSG00000018593
60,ENSMUSG00000032085
61,ENSMUSG00000026655
62,ENSMUSG00000035783
63,ENSMUSG00000018830
64,ENSMUSG00000031503
65,ENSMUSG00000040564
66,ENSMUSG00000051159
67,ENSMUSG00000021665
68,ENSMUSG00000032060
69,ENSMUSG00000001349
70,ENSMUSG00000074272
71,ENSMUSG00000028494
72,ENSMUSG00000054342
73,ENSMUSG00000053522
74,ENSMUSG00000061353
75,ENSMUSG00000020044
76,ENSMUSG00000022358
77,ENSMUSG00000067818
78,ENSMUSG00000031431
79,ENSMUSG00000057454
80,ENSMUSG00000010307
81,ENSMUSG00000028517
82,ENSMUSG00000030717
83,ENSMUSG00000050808
84,ENSMUSG00000028435
85,ENSMUSG00000028464
86,ENSMUSG00000036111
87,ENSMUSG00000037379
88,ENSMUSG00000028583
89,ENSMUSG00000006360
90,ENSMUSG00000028214
91,ENSMUSG00000058056
92,ENSMUSG00000002020
93,ENSMUSG00000036181
94,ENSMUSG00000030790
95,ENSMUSG00000034765
96,ENSMUSG00000028195
97,ENSMUSG00000025150
98,ENSMUSG00000050953
99,ENSMUSG00000049115
100,ENSMUSG00000023034
101,ENSMUSG00000033060
102,ENSMUSG00000038393
103,ENSMUSG00000049775
104,ENSMUSG00000030747
105,ENSMUSG00000006269
106,ENSMUSG00000041801
107,ENSMUSG00000031375
108,ENSMUSG00000046402
109,ENSMUSG00000091255
110,ENSMUSG00000039910
111,ENSMUSG00000014773
112,ENSMUSG00000006205
113,ENSMUSG00000045545
114,ENSMUSG00000006641
115,ENSMUSG00000031825
116,ENSMUSG00000001270
117,ENSMUSG00000032068
118,ENSMUSG00000001827
119,ENSMUSG00000034127
120,ENSMUSG00000030256
121,ENSMUSG00000026158
122,ENSMUSG00000031827
123,ENSMUSG00000020303
124,ENSMUSG00000025959
125,ENSMUSG00000033022
126,ENSMUSG00000022371
127,ENSMUSG00000020607
128,ENSMUSG00000032033
129,ENSMUSG00000022816
130,ENSMUSG00000007872
131,ENSMUSG00000031538
132,ENSMUSG00000034164
133,ENSMUSG00000018339
134,ENSMUSG00000048126
135,ENSMUSG00000024164
136,ENSMUSG00000031636
137,ENSMUSG00000066392
138,ENSMUSG00000029378
139,ENSMUSG00000026185
140,ENSMUSG00000048332
141,ENSMUSG00000078949
142,ENSMUSG00000028262
143,ENSMUSG00000020205
144,ENSMUSG00000027333
145,ENSMUSG00000044217
146,ENSMUSG00000048482
147,ENSMUSG00000004885
148,ENSMUSG00000031765
149,ENSMUSG00000002985
150,ENSMUSG00000005087
151,ENSMUSG00000002289
152,ENSMUSG00000018102
153,ENSMUSG00000027186
154,ENSMUSG00000025921
155,ENSMUSG00000029322
156,ENSMUSG00000042367
157,ENSMUSG00000096210
158,ENSMUSG00000022353
159,ENSMUSG00000024014
160,ENSMUSG00000032350
161,ENSMUSG00000021728
162,ENSMUSG00000038418
163,ENSMUSG00000031762
164,ENSMUSG00000030605
165,ENSMUSG00000017493
166,ENSMUSG00000037820
167,ENSMUSG00000022949
168,ENSMUSG00000028211
169,ENSMUSG00000021994
170,ENSMUSG00000026360
171,ENSMUSG00000046623
172,ENSMUSG00000032307
173,ENSMUSG00000053007
174,ENSMUSG00000032548
175,ENSMUSG00000053477
176,ENSMUSG00000039405
177,ENSMUSG00000030170
178,ENSMUSG00000022951
179,ENSMUSG00000054871
180,ENSMUSG00000025064
181,ENSMUSG00000029838
182,ENSMUSG00000046056
183,ENSMUSG00000027800
184,ENSMUSG00000047907
185,ENSMUSG00000026473
186,ENSMUSG00000070803
187,ENSMUSG00000002602
188,ENSMUSG00000075602
189,ENSMUSG00000092341
190,ENSMUSG00000023243
191,ENSMUSG00000029134
192,ENSMUSG00000039676
193,ENSMUSG00000030782
194,ENSMUSG00000026399
195,ENSMUSG00000024190
196,ENSMUSG00000028982
197,ENSMUSG00000070436
198,ENSMUSG00000049892
199,ENSMUSG00000020846
200,ENSMUSG00000020644
201,ENSMUSG00000089774
202,ENSMUSG00000042410
203,ENSMUSG00000007655
204,ENSMUSG00000014846
205,ENSMUSG00000021125
206,ENSMUSG00000046223
207,ENSMUSG00000018906
208,ENSMUSG00000054364
209,ENSMUSG00000022636
210,ENSMUSG00000063275
211,ENSMUSG00000012350
212,ENSMUSG00000036225
213,ENSMUSG00000041120
214,ENSMUSG00000017390
215,ENSMUSG00000029580
216,ENSMUSG00000039431
217,ENSMUSG00000073599
218,ENSMUSG00000026822
219,ENSMUSG00000029822
220,ENSMUSG00000019539
221,ENSMUSG00000042784
222,ENSMUSG00000043421
223,ENSMUSG00000031596
224,ENSMUSG00000028780
225,ENSMUSG00000028793
226,ENSMUSG00000030208
227,ENSMUSG00000035356
228,ENSMUSG00000027239
229,ENSMUSG00000026070
230,ENSMUSG00000042766
231,ENSMUSG00000021678
232,ENSMUSG00000029446
233,ENSMUSG00000029672
234,ENSMUSG00000042677
235,ENSMUSG00000036764
236,ENSMUSG00000075702
237,ENSMUSG00000020108
238,ENSMUSG00000024538
239,ENSMUSG00000021411
240,ENSMUSG00000069662
241,ENSMUSG00000029772
242,ENSMUSG00000018217
243,ENSMUSG00000041836
244,ENSMUSG00000028525
245,ENSMUSG00000057421
246,ENSMUSG00000026628
247,ENSMUSG00000001025
248,ENSMUSG00000050737
249,ENSMUSG00000038400
250,ENSMUSG00000031328
251,ENSMUSG00000033577
252,ENSMUSG00000026764
253,ENSMUSG00000063765
254,ENSMUSG00000053398
255,ENSMUSG00000052560
256,ENSMUSG00000040010
257,ENSMUSG00000021876
258,ENSMUSG00000024236
259,ENSMUSG00000060188
260,ENSMUSG00000048285
261,ENSMUSG00000028699
262,ENSMUSG00000035274
263,ENSMUSG00000027173
264,ENSMUSG00000035021
265,ENSMUSG00000048706
266,ENSMUSG00000029270
267,ENSMUSG00000028626
268,ENSMUSG00000024590
269,ENSMUSG00000052534
270,ENSMUSG00000029201
271,ENSMUSG00000000792
272,ENSMUSG00000029086
273,ENSMUSG00000042622
274,ENSMUSG00000026748
275,ENSMUSG00000022528
276,ENSMUSG00000025823
277,ENSMUSG00000026639
278,ENSMUSG00000048416
279,ENSMUSG00000024754
280,ENSMUSG00000025666
281,ENSMUSG00000030246
282,ENSMUSG00000036390
283,ENSMUSG00000020577
284,ENSMUSG00000028445
285,ENSMUSG00000006219
286,ENSMUSG00000056214
287,ENSMUSG00000034634
288,ENSMUSG00000028152
289,ENSMUSG00000003617
290,ENSMUSG00000038816
291,ENSMUSG00000032666
292,ENSMUSG00000046546
293,ENSMUSG00000027803
294,ENSMUSG00000013076
295,ENSMUSG00000017144
296,ENSMUSG00000034686
297,ENSMUSG00000037405
298,ENSMUSG00000024912
299,ENSMUSG00000045817
300,ENSMUSG00000030560
301,ENSMUSG00000031451
302,ENSMUSG00000046694
303,ENSMUSG00000023832
304,ENSMUSG00000021699
305,ENSMUSG00000025408
306,ENSMUSG00000028132
307,ENSMUSG00000061666
308,ENSMUSG00000037573
309,ENSMUSG00000021215
310,ENSMUSG00000004951
311,ENSMUSG00000028640
312,ENSMUSG00000003746
313,ENSMUSG00000034109
314,ENSMUSG00000032076
315,ENSMUSG00000093930
316,ENSMUSG00000076431
317,ENSMUSG00000005268
318,ENSMUSG00000049932
319,ENSMUSG00000042659
320,ENSMUSG00000020009
321,ENSMUSG00000008540
322,ENSMUSG00000038296
323,ENSMUSG00000040690
324,ENSMUSG00000021253
325,ENSMUSG00000021453
326,ENSMUSG00000022912
327,ENSMUSG00000026121
328,ENSMUSG00000032802
329,ENSMUSG00000047040
330,ENSMUSG00000008136
331,ENSMUSG00000028634
332,ENSMUSG00000022218
333,ENSMUSG00000030201
334,ENSMUSG00000070348
335,ENSMUSG00000024778
336,ENSMUSG00000020593
337,ENSMUSG00000017723
338,ENSMUSG00000047604
339,ENSMUSG00000029657
340,ENSMUSG00000021365
341,ENSMUSG00000024597
342,ENSMUSG00000022241
343,ENSMUSG00000040605
344,ENSMUSG00000027763
345,ENSMUSG00000025878
346,ENSMUSG00000027570
347,ENSMUSG00000040659
348,ENSMUSG00000024431
349,ENSMUSG00000074063
350,ENSMUSG00000038301
351,ENSMUSG00000032883
352,ENSMUSG00000030701
353,ENSMUSG00000019960
354,ENSMUSG00000031217
355,ENSMUSG00000024646
356,ENSMUSG00000001348
357,ENSMUSG00000039952
358,ENSMUSG00000054717
359,ENSMUSG00000018899
360,ENSMUSG00000001467
361,ENSMUSG00000003051
362,ENSMUSG00000028266
363,ENSMUSG00000074305
364,ENSMUSG00000019818
365,ENSMUSG00000022037
366,ENSMUSG00000019966
367,ENSMUSG00000004044
368,ENSMUSG00000004665
369,ENSMUSG00000027079
370,ENSMUSG00000021250
371,ENSMUSG00000032238
372,ENSMUSG00000028680
373,ENSMUSG00000028893
374,ENSMUSG00000006442
375,ENSMUSG00000058013
376,ENSMUSG00000029860
377,ENSMUSG00000033684
378,ENSMUSG00000021591
379,ENSMUSG00000029552
380,ENSMUSG00000006782
381,ENSMUSG00000027806
382,ENSMUSG00000066026
383,ENSMUSG00000026773
384,ENSMUSG00000031586
385,ENSMUSG00000030748
386,ENSMUSG00000034353
387,ENSMUSG00000026664
388,ENSMUSG00000022257
389,ENSMUSG00000090394
390,ENSMUSG00000028766
391,ENSMUSG00000020773
392,ENSMUSG00000075254
393,ENSMUSG00000032740
394,ENSMUSG00000021109
395,ENSMUSG00000025037
396,ENSMUSG00000020255
397,ENSMUSG00000019872
398,ENSMUSG00000027030
399,ENSMUSG00000020592
400,ENSMUSG00000041238
401,ENSMUSG00000074794
402,ENSMUSG00000008305
403,ENSMUSG00000036430
404,ENSMUSG00000020439
405,ENSMUSG00000015176
406,ENSMUSG00000031778
407,ENSMUSG00000022132
408,ENSMUSG00000060802
409,ENSMUSG00000001918
410,ENSMUSG00000042275
411,ENSMUSG00000045136
412,ENSMUSG00000005483
413,ENSMUSG00000029375
414,ENSMUSG00000024561
415,ENSMUSG00000028108
416,ENSMUSG00000032369
417,ENSMUSG00000052512
418,ENSMUSG00000064373
419,ENSMUSG00000060969
420,ENSMUSG00000032712
421,ENSMUSG00000053716
422,ENSMUSG00000019139
423,ENSMUSG00000001036
424,ENSMUSG00000020349
425,ENSMUSG00000020027
426,ENSMUSG00000034403
427,ENSMUSG00000053819
428,ENSMUSG00000022661
429,ENSMUSG00000030172
430,ENSMUSG00000015766
431,ENSMUSG00000022280
432,ENSMUSG00000061878
433,ENSMUSG00000033885
434,ENSMUSG00000031207
435,ENSMUSG00000039007
436,ENSMUSG00000031785
437,ENSMUSG00000021760
438,ENSMUSG00000062604
439,ENSMUSG00000028565
440,ENSMUSG00000003545
441,ENSMUSG00000078851
442,ENSMUSG00000026019
443,ENSMUSG00000037060
444,ENSMUSG00000043702
445,ENSMUSG00000021756
446,ENSMUSG00000031770
447,ENSMUSG00000009585
448,ENSMUSG00000047501
449,ENSMUSG00000028496
450,ENSMUSG00000036432
451,ENSMUSG00000001473
452,ENSMUSG00000031737
453,ENSMUSG00000057541
454,ENSMUSG00000040511
455,ENSMUSG00000018476
456,ENSMUSG00000037643
457,ENSMUSG00000047945
458,ENSMUSG00000031609
459,ENSMUSG00000038335
460,ENSMUSG00000019961
461,ENSMUSG00000068566
462,ENSMUSG00000026064
463,ENSMUSG00000070733
464,ENSMUSG00000064264
465,ENSMUSG00000022043
466,ENSMUSG00000058690
467,ENSMUSG00000026107
468,ENSMUSG00000047446
469,ENSMUSG00000054889
470,ENSMUSG00000031604
471,ENSMUSG00000028261
472,ENSMUSG00000039481
473,ENSMUSG00000002980
474,ENSMUSG00000037580
475,ENSMUSG00000028545
476,ENSMUSG00000027315
477,ENSMUSG00000000567
478,ENSMUSG00000073700
479,ENSMUSG00000037706
480,ENSMUSG00000026819
481,ENSMUSG00000023988
482,ENSMUSG00000034751
483,ENSMUSG00000028163
484,ENSMUSG00000031730
485,ENSMUSG00000027376
486,ENSMUSG00000010663
487,ENSMUSG00000025608
488,ENSMUSG00000063889
489,ENSMUSG00000044167
490,ENSMUSG00000025068
491,ENSMUSG00000041936
492,ENSMUSG00000038648
493,ENSMUSG00000033294
494,ENSMUSG00000058672
495,ENSMUSG00000028709
496,ENSMUSG00000025492
497,ENSMUSG00000028128
498,ENSMUSG00000043445
499,ENSMUSG00000034006
500,ENSMUSG00000015536
501,ENSMUSG00000020706
502,ENSMUSG00000055044
503,ENSMUSG00000040297
504,ENSMUSG00000020423
505,ENSMUSG00000006411
506,ENSMUSG00000027649
507,ENSMUSG00000027381
508,ENSMUSG00000023883
509,ENSMUSG00000020038
510,ENSMUSG00000032353
511,ENSMUSG00000021676
512,ENSMUSG00000028060
513,ENSMUSG00000039770
514,ENSMUSG00000056749
515,ENSMUSG00000022855
516,ENSMUSG00000021408
517,ENSMUSG00000029401
518,ENSMUSG00000028645
519,ENSMUSG00000034349
520,ENSMUSG00000053175
521,ENSMUSG00000020484
522,ENSMUSG00000029467
523,ENSMUSG00000021196
524,ENSMUSG00000036402
525,ENSMUSG00000000561
526,ENSMUSG00000017210
527,ENSMUSG00000025856
528,ENSMUSG00000019820
529,ENSMUSG00000031875
530,ENSMUSG00000026385
531,ENSMUSG00000026576
532,ENSMUSG00000025007
533,ENSMUSG00000013275
534,ENSMUSG00000031403
535,ENSMUSG00000027536
536,ENSMUSG00000022911
537,ENSMUSG00000031245
538,ENSMUSG00000041845
539,ENSMUSG00000021190
540,ENSMUSG00000031734
541,ENSMUSG00000059474
542,ENSMUSG00000002748
543,ENSMUSG00000029178
544,ENSMUSG00000039131
545,ENSMUSG00000094870
546,ENSMUSG00000051495
547,ENSMUSG00000019715
548,ENSMUSG00000001911
549,ENSMUSG00000034226
550,ENSMUSG00000032547
551,ENSMUSG00000029752
552,ENSMUSG00000024985
553,ENSMUSG00000061024
554,ENSMUSG00000026131
555,ENSMUSG00000032786
556,ENSMUSG00000066705
557,ENSMUSG00000001583
558,ENSMUSG00000019947
559,ENSMUSG00000003752
560,ENSMUSG00000028035
561,ENSMUSG00000024654
562,ENSMUSG00000039735
563,ENSMUSG00000031352
564,ENSMUSG00000066894
565,ENSMUSG00000035596
566,ENSMUSG00000038279
567,ENSMUSG00000047648
568,ENSMUSG00000034210
569,ENSMUSG00000036580
570,ENSMUSG00000024381
571,ENSMUSG00000032897
572,ENSMUSG00000058135
573,ENSMUSG00000060147
574,ENSMUSG00000022146
575,ENSMUSG00000020415
576,ENSMUSG00000020580
577,ENSMUSG00000030056
578,ENSMUSG00000016382
579,ENSMUSG00000035726
580,ENSMUSG00000035397
581,ENSMUSG00000070305
582,ENSMUSG00000028207
583,ENSMUSG00000021823
584,ENSMUSG00000005125
585,ENSMUSG00000029036
586,ENSMUSG00000031955
587,ENSMUSG00000019873
588,ENSMUSG00000048118
589,ENSMUSG00000038633
590,ENSMUSG00000038059
591,ENSMUSG00000017466
592,ENSMUSG00000023571
593,ENSMUSG00000033713
594,ENSMUSG00000037278
595,ENSMUSG00000042215
596,ENSMUSG00000025402
597,ENSMUSG00000030067
598,ENSMUSG00000029267
599,ENSMUSG00000021400
600,ENSMUSG00000062421
601,ENSMUSG00000049516
602,ENSMUSG00000079037
603,ENSMUSG00000029344
604,ENSMUSG00000048234
605,ENSMUSG00000022707
606,ENSMUSG00000057367
607,ENSMUSG00000032280
608,ENSMUSG00000027203
609,ENSMUSG00000016487
610,ENSMUSG00000026879
611,ENSMUSG00000030557
612,ENSMUSG00000031508
613,ENSMUSG00000026563
614,ENSMUSG00000039646
615,ENSMUSG00000015217
616,ENSMUSG00000037712
617,ENSMUSG00000001768
618,ENSMUSG00000039286
619,ENSMUSG00000020024
620,ENSMUSG00000020288
621,ENSMUSG00000031432
622,ENSMUSG00000022479
623,ENSMUSG00000078671
624,ENSMUSG00000032440
625,ENSMUSG00000026479
626,ENSMUSG00000020432
627,ENSMUSG00000026103
628,ENSMUSG00000047554
629,ENSMUSG00000023495
630,ENSMUSG00000027534
631,ENSMUSG00000032013
632,ENSMUSG00000028633
633,ENSMUSG00000021843
634,ENSMUSG00000022476
635,ENSMUSG00000094483
636,ENSMUSG00000070780
637,ENSMUSG00000030934
638,ENSMUSG00000045210
639,ENSMUSG00000005514
640,ENSMUSG00000037458
641,ENSMUSG00000011837
642,ENSMUSG00000021830
643,ENSMUSG00000008200
644,ENSMUSG00000000594
645,ENSMUSG00000037876
646,ENSMUSG00000003420
647,ENSMUSG00000010047
648,ENSMUSG00000019970
649,ENSMUSG00000042354
650,ENSMUSG00000048756
651,ENSMUSG00000058440
652,ENSMUSG00000029777
653,ENSMUSG00000030096
654,ENSMUSG00000037242
655,ENSMUSG00000062078
656,ENSMUSG00000026393
657,ENSMUSG00000025927
658,ENSMUSG00000054263
659,ENSMUSG00000006423
660,ENSMUSG00000033004
661,ENSMUSG00000042660
662,ENSMUSG00000023348
663,ENSMUSG00000008035
664,ENSMUSG00000034667
665,ENSMUSG00000021692
666,ENSMUSG00000014905
667,ENSMUSG00000027087
668,ENSMUSG00000072501
669,ENSMUSG00000024498
670,ENSMUSG00000041328
671,ENSMUSG00000022684
672,ENSMUSG00000026478
673,ENSMUSG00000003992
674,ENSMUSG00000079215
675,ENSMUSG00000032679
676,ENSMUSG00000053113
677,ENSMUSG00000027552
678,ENSMUSG00000031565
679,ENSMUSG00000006345
680,ENSMUSG00000013698
681,ENSMUSG00000041598
682,ENSMUSG00000021820
683,ENSMUSG00000026566
684,ENSMUSG00000033943
685,ENSMUSG00000032000
686,ENSMUSG00000043323
687,ENSMUSG00000042035
688,ENSMUSG00000071708
689,ENSMUSG00000001627
690,ENSMUSG00000006476
691,ENSMUSG00000079036
692,ENSMUSG00000003762
693,ENSMUSG00000050931
694,ENSMUSG00000045969
695,ENSMUSG00000001441
696,ENSMUSG00000036167
697,ENSMUSG00000003032
698,ENSMUSG00000007039
699,ENSMUSG00000006445
700,ENSMUSG00000025372
701,ENSMUSG00000021493
702,ENSMUSG00000031578
703,ENSMUSG00000067995
704,ENSMUSG00000022641
705,ENSMUSG00000046731
706,ENSMUSG00000052684
707,ENSMUSG00000029050
708,ENSMUSG00000045624
709,ENSMUSG00000053801
710,ENSMUSG00000025782
711,ENSMUSG00000005148
712,ENSMUSG00000039725
713,ENSMUSG00000025616
714,ENSMUSG00000051397
715,ENSMUSG00000024339
716,ENSMUSG00000030315
717,ENSMUSG00000029381
718,ENSMUSG00000018433
719,ENSMUSG00000021025
720,ENSMUSG00000001569
721,ENSMUSG00000001785
722,ENSMUSG00000030421
723,ENSMUSG00000071359
724,ENSMUSG00000048039
725,ENSMUSG00000041417
726,ENSMUSG00000037894
727,ENSMUSG00000048546
728,ENSMUSG00000021831
729,ENSMUSG00000023074
730,ENSMUSG00000022346
731,ENSMUSG00000037933
732,ENSMUSG00000022708
733,ENSMUSG00000053289
734,ENSMUSG00000074578
735,ENSMUSG00000019189
736,ENSMUSG00000028273
737,ENSMUSG00000020134
738,ENSMUSG00000046675
739,ENSMUSG00000055447
740,ENSMUSG00000024805
741,ENSMUSG00000033454
742,ENSMUSG00000054079
743,ENSMUSG00000049658
744,ENSMUSG00000023068
745,ENSMUSG00000038187
746,ENSMUSG00000003135
747,ENSMUSG00000026020
748,ENSMUSG00000070462
749,ENSMUSG00000021428
750,ENSMUSG00000063049
751,ENSMUSG00000015312
752,ENSMUSG00000004936
753,ENSMUSG00000035168
754,ENSMUSG00000026970
755,ENSMUSG00000071646
756,ENSMUSG00000052406
757,ENSMUSG00000027639
758,ENSMUSG00000031504
759,ENSMUSG00000029781
760,ENSMUSG00000061374
761,ENSMUSG00000039220
762,ENSMUSG00000054226
763,ENSMUSG00000022557
764,ENSMUSG00000034807
765,ENSMUSG00000021871
766,ENSMUSG00000028776
767,ENSMUSG00000022905
768,ENSMUSG00000066456
769,ENSMUSG00000030792
770,ENSMUSG00000021578
771,ENSMUSG00000017686
772,ENSMUSG00000040250
773,ENSMUSG00000021458
774,ENSMUSG00000022186
775,ENSMUSG00000038127
776,ENSMUSG00000019927
777,ENSMUSG00000034640
778,ENSMUSG00000053560
779,ENSMUSG00000004085
780,ENSMUSG00000040760
781,ENSMUSG00000034165
782,ENSMUSG00000023022
783,ENSMUSG00000045752
784,ENSMUSG00000023915
785,ENSMUSG00000035376
786,ENSMUSG00000028271
787,ENSMUSG00000048490
788,ENSMUSG00000074364
789,ENSMUSG00000049800
790,ENSMUSG00000038069
791,ENSMUSG00000051316
792,ENSMUSG00000029135
793,ENSMUSG00000032030
794,ENSMUSG00000025035
795,ENSMUSG00000001687
796,ENSMUSG00000031537
797,ENSMUSG00000032397
798,ENSMUSG00000032423
799,ENSMUSG00000026670
800,ENSMUSG00000048807
801,ENSMUSG00000078813
802,ENSMUSG00000049940
803,ENSMUSG00000067873
804,ENSMUSG00000001089
805,ENSMUSG00000039068
806,ENSMUSG00000035569
807,ENSMUSG00000024493
808,ENSMUSG00000050335
809,ENSMUSG00000008575
810,ENSMUSG00000037447
811,ENSMUSG00000020029
812,ENSMUSG00000064254
813,ENSMUSG00000022426
814,ENSMUSG00000056121
815,ENSMUSG00000026917
816,ENSMUSG00000004100
817,ENSMUSG00000030541
818,ENSMUSG00000024042
819,ENSMUSG00000057531
820,ENSMUSG00000041733
821,ENSMUSG00000002307
822,ENSMUSG00000031939
823,ENSMUSG00000040857
824,ENSMUSG00000000957
825,ENSMUSG00000038121
826,ENSMUSG00000020911
827,ENSMUSG00000030942
828,ENSMUSG00000038612
829,ENSMUSG00000047139
830,ENSMUSG00000056313
831,ENSMUSG00000018415
832,ENSMUSG00000069833
833,ENSMUSG00000062202
834,ENSMUSG00000028967
835,ENSMUSG00000051396
836,ENSMUSG00000025869
837,ENSMUSG00000079184
838,ENSMUSG00000053110
839,ENSMUSG00000017478
840,ENSMUSG00000079427
841,ENSMUSG00000000787
842,ENSMUSG00000027954
843,ENSMUSG00000024732
844,ENSMUSG00000073775
845,ENSMUSG00000017760
846,ENSMUSG00000025139
847,ENSMUSG00000040463
848,ENSMUSG00000025939
849,ENSMUSG00000049047
850,ENSMUSG00000072949
851,ENSMUSG00000029094
852,ENSMUSG00000038416
853,ENSMUSG00000025234
854,ENSMUSG00000020130
855,ENSMUSG00000023452
856,ENSMUSG00000032501
857,ENSMUSG00000022474
858,ENSMUSG00000024940
859,ENSMUSG00000005973
860,ENSMUSG00000026821
861,ENSMUSG00000018572
862,ENSMUSG00000026502
863,ENSMUSG00000091780
864,ENSMUSG00000031545
865,ENSMUSG00000002625
866,ENSMUSG00000024909
867,ENSMUSG00000003235
868,ENSMUSG00000025439
869,ENSMUSG00000086429
870,ENSMUSG00000041168
871,ENSMUSG00000014353
872,ENSMUSG00000030204
873,ENSMUSG00000071076
874,ENSMUSG00000034484
875,ENSMUSG00000022634
876,ENSMUSG00000064289
877,ENSMUSG00000047044
878,ENSMUSG00000055065
879,ENSMUSG00000024843
880,ENSMUSG00000018920
881,ENSMUSG00000020521
882,ENSMUSG00000033732
883,ENSMUSG00000038503
884,ENSMUSG00000029528
885,ENSMUSG00000031916
886,ENSMUSG00000021051
887,ENSMUSG00000030793
888,ENSMUSG00000008384
889,ENSMUSG00000033565
890,ENSMUSG00000031490
891,ENSMUSG00000015143
892,ENSMUSG00000052727
893,ENSMUSG00000025340
894,ENSMUSG00000062300
895,ENSMUSG00000028693
896,ENSMUSG00000019487
897,ENSMUSG00000053907
898,ENSMUSG00000032515
899,ENSMUSG00000036391
900,ENSMUSG00000002658
901,ENSMUSG00000024856
902,ENSMUSG00000040268
903,ENSMUSG00000007659
904,ENSMUSG00000022774
905,ENSMUSG00000025809
906,ENSMUSG00000041308
907,ENSMUSG00000010554
908,ENSMUSG00000032184
909,ENSMUSG00000009291
910,ENSMUSG00000022351
911,ENSMUSG00000030847
912,ENSMUSG00000032563
913,ENSMUSG00000032557
914,ENSMUSG00000032412
915,ENSMUSG00000030161
916,ENSMUSG00000072235
917,ENSMUSG00000044763
918,ENSMUSG00000035133
919,ENSMUSG00000033554
920,ENSMUSG00000013736
921,ENSMUSG00000022914
922,ENSMUSG00000024974
923,ENSMUSG00000029405
924,ENSMUSG00000002059
925,ENSMUSG00000023367
926,ENSMUSG00000025880
927,ENSMUSG00000023150
928,ENSMUSG00000029249
929,ENSMUSG00000029014
930,ENSMUSG00000022109
931,ENSMUSG00000063334
932,ENSMUSG00000038697
933,ENSMUSG00000034647
934,ENSMUSG00000025579
935,ENSMUSG00000020315
936,ENSMUSG00000030533
937,ENSMUSG00000066278
938,ENSMUSG00000024539
939,ENSMUSG00000003808
940,ENSMUSG00000020124
941,ENSMUSG00000022443
942,ENSMUSG00000074182
943,ENSMUSG00000021149
944,ENSMUSG00000030654
945,ENSMUSG00000024287
946,ENSMUSG00000040616
947,ENSMUSG00000022565
948,ENSMUSG00000060002
949,ENSMUSG00000029169
950,ENSMUSG00000049792
951,ENSMUSG00000022895
952,ENSMUSG00000006941
953,ENSMUSG00000023942
954,ENSMUSG00000029610
955,ENSMUSG00000063800
956,ENSMUSG00000031885
957,ENSMUSG00000037351
958,ENSMUSG00000021500
959,ENSMUSG00000019857
960,ENSMUSG00000044786
961,ENSMUSG00000021969
962,ENSMUSG00000025511
963,ENSMUSG00000027680
964,ENSMUSG00000020923
965,ENSMUSG00000032475
966,ENSMUSG00000025034
967,ENSMUSG00000015757
968,ENSMUSG00000037013
969,ENSMUSG00000024096
970,ENSMUSG00000026335
971,ENSMUSG00000031584
972,ENSMUSG00000020840
973,ENSMUSG00000031917
974,ENSMUSG00000027111
975,ENSMUSG00000056962
976,ENSMUSG00000022952
977,ENSMUSG00000010045
978,ENSMUSG00000029148
979,ENSMUSG00000006273
980,ENSMUSG00000025326
981,ENSMUSG00000026509
982,ENSMUSG00000028383
983,ENSMUSG00000030536
984,ENSMUSG00000042613
985,ENSMUSG00000032316
986,ENSMUSG00000031715
987,ENSMUSG00000030452
988,ENSMUSG00000025481
989,ENSMUSG00000071054
990,ENSMUSG00000023852
991,ENSMUSG00000033760
992,ENSMUSG00000042650
993,ENSMUSG00000001964
994,ENSMUSG00000037966
995,ENSMUSG00000020982
996,ENSMUSG00000050565
997,ENSMUSG00000022462
998,ENSMUSG00000034620
999,ENSMUSG00000023027
1000,ENSMUSG00000004451
1001,ENSMUSG00000021127
1002,ENSMUSG00000001891
1003,ENSMUSG00000000058
1004,ENSMUSG00000027198
1005,ENSMUSG00000047714
1006,ENSMUSG00000033953
1007,ENSMUSG00000037174
1008,ENSMUSG00000038679
1009,ENSMUSG00000022185
1010,ENSMUSG00000032359
1011,ENSMUSG00000021264
1012,ENSMUSG00000041278
1013,ENSMUSG00000029507
1014,ENSMUSG00000032366
1015,ENSMUSG00000058799
1016,ENSMUSG00000023004
1017,ENSMUSG00000028673
1018,ENSMUSG00000015839
1019,ENSMUSG00000003549
1020,ENSMUSG00000038732
1021,ENSMUSG00000025283
1022,ENSMUSG00000064037
1023,ENSMUSG00000026727
1024,ENSMUSG00000022010
1025,ENSMUSG00000004032
1026,ENSMUSG00000019920
1027,ENSMUSG00000048222
1028,ENSMUSG00000021595
1029,ENSMUSG00000001504
1030,ENSMUSG00000020388
1031,ENSMUSG00000050017
1032,ENSMUSG00000025289
1033,ENSMUSG00000021701
1034,ENSMUSG00000032717
1035,ENSMUSG00000039197
1036,ENSMUSG00000075705
1037,ENSMUSG00000024258
1038,ENSMUSG00000024150
1039,ENSMUSG00000079614
1040,ENSMUSG00000028409
1041,ENSMUSG00000024474
1042,ENSMUSG00000056342
1043,ENSMUSG00000036822
1044,ENSMUSG00000018143
1045,ENSMUSG00000011958
1046,ENSMUSG00000019907
1047,ENSMUSG00000020184
1048,ENSMUSG00000021477
1049,ENSMUSG00000037465
1050,ENSMUSG00000021377
1051,ENSMUSG00000041488
1052,ENSMUSG00000031246
1053,ENSMUSG00000020516
1054,ENSMUSG00000075232
1055,ENSMUSG00000032212
1056,ENSMUSG00000035011
1057,ENSMUSG00000070473
1058,ENSMUSG00000028869
1059,ENSMUSG00000029484
1060,ENSMUSG00000028124
1061,ENSMUSG00000052748
1062,ENSMUSG00000039168
1063,ENSMUSG00000038489
1064,ENSMUSG00000023067
1065,ENSMUSG00000020250
1066,ENSMUSG00000034708
1067,ENSMUSG00000028849
1068,ENSMUSG00000027804
1069,ENSMUSG00000029455
1070,ENSMUSG00000025647
1071,ENSMUSG00000035828
1072,ENSMUSG00000019777
1073,ENSMUSG00000039756
1074,ENSMUSG00000027405
1075,ENSMUSG00000026229
1076,ENSMUSG00000039680
1077,ENSMUSG00000030103
1078,ENSMUSG00000025981
1079,ENSMUSG00000007850
1080,ENSMUSG00000026421
1081,ENSMUSG00000015619
1082,ENSMUSG00000062929
1083,ENSMUSG00000067006
1084,ENSMUSG00000022378
1085,ENSMUSG00000028530
1086,ENSMUSG00000047879
1087,ENSMUSG00000033099
1088,ENSMUSG00000070934
1089,ENSMUSG00000039219
1090,ENSMUSG00000028410
1091,ENSMUSG00000052040
1092,ENSMUSG00000020571
1093,ENSMUSG00000052837
1094,ENSMUSG00000046722
1095,ENSMUSG00000024772
1096,ENSMUSG00000017009
1097,ENSMUSG00000017677
1098,ENSMUSG00000032215
1099,ENSMUSG00000021963
1100,ENSMUSG00000031446
1101,ENSMUSG00000006932
1102,ENSMUSG00000022865
1103,ENSMUSG00000033863
1104,ENSMUSG00000051579
1105,ENSMUSG00000036478
1106,ENSMUSG00000027215
1107,ENSMUSG00000029146
1108,ENSMUSG00000063406
1109,ENSMUSG00000025151
1110,ENSMUSG00000026083
1111,ENSMUSG00000008348
1112,ENSMUSG00000024659
1113,ENSMUSG00000059447
1114,ENSMUSG00000027660
1115,ENSMUSG00000019851
1116,ENSMUSG00000038806
1117,ENSMUSG00000056708
1118,ENSMUSG00000027540
1119,ENSMUSG00000056429
1120,ENSMUSG00000043998
1121,ENSMUSG00000001016
1122,ENSMUSG00000020994
1123,ENSMUSG00000050628
1124,ENSMUSG00000043091
1125,ENSMUSG00000030341
1126,ENSMUSG00000070544
1127,ENSMUSG00000031799
1128,ENSMUSG00000034168
1129,ENSMUSG00000029767
1130,ENSMUSG00000079065
1131,ENSMUSG00000041571
1132,ENSMUSG00000030224
1133,ENSMUSG00000025630
1134,ENSMUSG00000032320
1135,ENSMUSG00000010067
1136,ENSMUSG00000014226
1137,ENSMUSG00000003541
1138,ENSMUSG00000024335
1139,ENSMUSG00000031353
1140,ENSMUSG00000032026
1141,ENSMUSG00000021427
1142,ENSMUSG00000040435
1143,ENSMUSG00000029472
1144,ENSMUSG00000049382
1145,ENSMUSG00000023039
1146,ENSMUSG00000024338
1147,ENSMUSG00000022505
1148,ENSMUSG00000023043
1149,ENSMUSG00000020048
1150,ENSMUSG00000026202
1151,ENSMUSG00000032575
1152,ENSMUSG00000018171
1153,ENSMUSG00000025162
1154,ENSMUSG00000059552
1155,ENSMUSG00000004040
1156,ENSMUSG00000030122
1157,ENSMUSG00000059208
1158,ENSMUSG00000024026
1159,ENSMUSG00000028010
1160,ENSMUSG00000016921
1161,ENSMUSG00000023087
1162,ENSMUSG00000015837
1163,ENSMUSG00000021270
1164,ENSMUSG00000000078
1165,ENSMUSG00000022744
1166,ENSMUSG00000022108
1167,ENSMUSG00000018569
1168,ENSMUSG00000018932
1169,ENSMUSG00000001525
1170,ENSMUSG00000027829
1171,ENSMUSG00000005846
1172,ENSMUSG00000005054
1173,ENSMUSG00000025510
1174,ENSMUSG00000052397
1175,ENSMUSG00000033998
1176,ENSMUSG00000026223
1177,ENSMUSG00000010095
1178,ENSMUSG00000001833
1179,ENSMUSG00000052681
1180,ENSMUSG00000064370
1181,ENSMUSG00000014956
1182,ENSMUSG00000024750
1183,ENSMUSG00000031532
1184,ENSMUSG00000023456
1185,ENSMUSG00000042406
1186,ENSMUSG00000031996
1187,ENSMUSG00000001175
1188,ENSMUSG00000040028
1189,ENSMUSG00000022892
1190,ENSMUSG00000018965
1191,ENSMUSG00000006818
1192,ENSMUSG00000047281
1193,ENSMUSG00000007891
1194,ENSMUSG00000024097
1195,ENSMUSG00000092274
1196,ENSMUSG00000045394
1197,ENSMUSG00000025613
1198,ENSMUSG00000041959
1199,ENSMUSG00000024359
1200,ENSMUSG00000040128
1201,ENSMUSG00000046727
1202,ENSMUSG00000034120
1203,ENSMUSG00000037266
1204,ENSMUSG00000033161
1205,ENSMUSG00000025066
1206,ENSMUSG00000020737
1207,ENSMUSG00000022500
1208,ENSMUSG00000027712
1209,ENSMUSG00000016559
1210,ENSMUSG00000021939
1211,ENSMUSG00000018583
1212,ENSMUSG00000028063
1213,ENSMUSG00000063480
1214,ENSMUSG00000021282
1215,ENSMUSG00000064341
1216,ENSMUSG00000028945
1217,ENSMUSG00000009013
1218,ENSMUSG00000024661
1219,ENSMUSG00000004980
1220,ENSMUSG00000030342
1221,ENSMUSG00000061232
1222,ENSMUSG00000050708
