,x
1,human1_lib1.final_cell_0001
2,human1_lib1.final_cell_0002
3,human1_lib1.final_cell_0003
4,human1_lib1.final_cell_0004
5,human1_lib1.final_cell_0005
6,human1_lib1.final_cell_0006
7,human1_lib1.final_cell_0007
8,human1_lib1.final_cell_0008
9,human1_lib1.final_cell_0009
10,human1_lib1.final_cell_0010
11,human1_lib1.final_cell_0011
12,human1_lib1.final_cell_0012
13,human1_lib1.final_cell_0013
14,human1_lib1.final_cell_0014
15,human1_lib1.final_cell_0015
16,human1_lib1.final_cell_0016
17,human1_lib1.final_cell_0017
18,human1_lib1.final_cell_0018
19,human1_lib1.final_cell_0019
20,human1_lib1.final_cell_0020
21,human1_lib1.final_cell_0021
22,human1_lib1.final_cell_0022
23,human1_lib1.final_cell_0023
24,human1_lib1.final_cell_0024
25,human1_lib1.final_cell_0025
26,human1_lib1.final_cell_0026
27,human1_lib1.final_cell_0027
28,human1_lib1.final_cell_0028
29,human1_lib1.final_cell_0029
30,human1_lib1.final_cell_0030
31,human1_lib1.final_cell_0031
32,human1_lib1.final_cell_0032
33,human1_lib1.final_cell_0033
34,human1_lib1.final_cell_0034
35,human1_lib1.final_cell_0035
36,human1_lib1.final_cell_0036
37,human1_lib1.final_cell_0037
38,human1_lib1.final_cell_0038
39,human1_lib1.final_cell_0039
40,human1_lib1.final_cell_0040
41,human1_lib1.final_cell_0041
42,human1_lib1.final_cell_0042
43,human1_lib1.final_cell_0043
44,human1_lib1.final_cell_0044
45,human1_lib1.final_cell_0045
46,human1_lib1.final_cell_0046
47,human1_lib1.final_cell_0047
48,human1_lib1.final_cell_0048
49,human1_lib1.final_cell_0049
50,human1_lib1.final_cell_0050
51,human1_lib1.final_cell_0051
52,human1_lib1.final_cell_0052
53,human1_lib1.final_cell_0053
54,human1_lib1.final_cell_0054
55,human1_lib1.final_cell_0055
56,human1_lib1.final_cell_0056
57,human1_lib1.final_cell_0057
58,human1_lib1.final_cell_0058
59,human1_lib1.final_cell_0059
60,human1_lib1.final_cell_0060
61,human1_lib1.final_cell_0061
62,human1_lib1.final_cell_0062
63,human1_lib1.final_cell_0063
64,human1_lib1.final_cell_0064
65,human1_lib1.final_cell_0065
66,human1_lib1.final_cell_0066
67,human1_lib1.final_cell_0067
68,human1_lib1.final_cell_0068
69,human1_lib1.final_cell_0069
70,human1_lib1.final_cell_0070
71,human1_lib1.final_cell_0071
72,human1_lib1.final_cell_0072
73,human1_lib1.final_cell_0073
74,human1_lib1.final_cell_0074
75,human1_lib1.final_cell_0075
76,human1_lib1.final_cell_0076
77,human1_lib1.final_cell_0077
78,human1_lib1.final_cell_0078
79,human1_lib1.final_cell_0079
80,human1_lib1.final_cell_0080
81,human1_lib1.final_cell_0081
82,human1_lib1.final_cell_0082
83,human1_lib1.final_cell_0083
84,human1_lib1.final_cell_0084
85,human1_lib1.final_cell_0085
86,human1_lib1.final_cell_0086
87,human1_lib1.final_cell_0087
88,human1_lib1.final_cell_0088
89,human1_lib1.final_cell_0089
90,human1_lib1.final_cell_0090
91,human1_lib1.final_cell_0091
92,human1_lib1.final_cell_0092
93,human1_lib1.final_cell_0093
94,human1_lib1.final_cell_0094
95,human1_lib1.final_cell_0095
96,human1_lib1.final_cell_0096
97,human1_lib1.final_cell_0097
98,human1_lib1.final_cell_0098
99,human1_lib1.final_cell_0099
100,human1_lib1.final_cell_0100
101,human1_lib1.final_cell_0101
102,human1_lib1.final_cell_0102
103,human1_lib1.final_cell_0103
104,human1_lib1.final_cell_0104
105,human1_lib1.final_cell_0105
106,human1_lib1.final_cell_0106
107,human1_lib1.final_cell_0107
108,human1_lib1.final_cell_0108
109,human1_lib1.final_cell_0109
110,human1_lib1.final_cell_0110
111,human1_lib1.final_cell_0111
112,human1_lib1.final_cell_0112
113,human1_lib1.final_cell_0113
114,human1_lib1.final_cell_0114
115,human1_lib1.final_cell_0115
116,human1_lib1.final_cell_0116
117,human1_lib1.final_cell_0117
118,human1_lib1.final_cell_0118
119,human1_lib1.final_cell_0119
120,human1_lib1.final_cell_0120
121,human1_lib1.final_cell_0121
122,human1_lib1.final_cell_0122
123,human1_lib1.final_cell_0123
124,human1_lib1.final_cell_0124
125,human1_lib1.final_cell_0125
126,human1_lib1.final_cell_0126
127,human1_lib1.final_cell_0127
128,human1_lib1.final_cell_0128
129,human1_lib1.final_cell_0129
130,human1_lib1.final_cell_0130
131,human1_lib1.final_cell_0131
132,human1_lib1.final_cell_0132
133,human1_lib1.final_cell_0133
134,human1_lib1.final_cell_0134
135,human1_lib1.final_cell_0135
136,human1_lib1.final_cell_0136
137,human1_lib1.final_cell_0137
138,human1_lib1.final_cell_0138
139,human1_lib1.final_cell_0139
140,human1_lib1.final_cell_0140
141,human1_lib1.final_cell_0141
142,human1_lib1.final_cell_0142
143,human1_lib1.final_cell_0143
144,human1_lib1.final_cell_0144
145,human1_lib1.final_cell_0145
146,human1_lib1.final_cell_0146
147,human1_lib1.final_cell_0147
148,human1_lib1.final_cell_0148
149,human1_lib1.final_cell_0149
150,human1_lib1.final_cell_0150
151,human1_lib1.final_cell_0151
152,human1_lib1.final_cell_0152
153,human1_lib1.final_cell_0153
154,human1_lib1.final_cell_0154
155,human1_lib1.final_cell_0155
156,human1_lib1.final_cell_0156
157,human1_lib1.final_cell_0157
158,human1_lib1.final_cell_0158
159,human1_lib1.final_cell_0159
160,human1_lib1.final_cell_0160
161,human1_lib1.final_cell_0161
162,human1_lib1.final_cell_0162
163,human1_lib1.final_cell_0163
164,human1_lib1.final_cell_0164
165,human1_lib1.final_cell_0165
166,human1_lib1.final_cell_0166
167,human1_lib1.final_cell_0167
168,human1_lib1.final_cell_0168
169,human1_lib1.final_cell_0169
170,human1_lib1.final_cell_0170
171,human1_lib1.final_cell_0171
172,human1_lib1.final_cell_0172
173,human1_lib1.final_cell_0173
174,human1_lib1.final_cell_0174
175,human1_lib1.final_cell_0175
176,human1_lib1.final_cell_0176
177,human1_lib1.final_cell_0177
178,human1_lib1.final_cell_0178
179,human1_lib1.final_cell_0179
180,human1_lib1.final_cell_0180
181,human1_lib1.final_cell_0181
182,human1_lib1.final_cell_0182
183,human1_lib1.final_cell_0183
184,human1_lib1.final_cell_0184
185,human1_lib1.final_cell_0185
186,human1_lib1.final_cell_0186
187,human1_lib1.final_cell_0187
188,human1_lib1.final_cell_0188
189,human1_lib1.final_cell_0189
190,human1_lib1.final_cell_0190
191,human1_lib1.final_cell_0191
192,human1_lib1.final_cell_0192
193,human1_lib1.final_cell_0193
194,human1_lib1.final_cell_0194
195,human1_lib1.final_cell_0195
196,human1_lib1.final_cell_0196
197,human1_lib1.final_cell_0197
198,human1_lib1.final_cell_0198
199,human1_lib1.final_cell_0199
200,human1_lib1.final_cell_0200
201,human1_lib1.final_cell_0201
202,human1_lib1.final_cell_0202
203,human1_lib1.final_cell_0203
204,human1_lib1.final_cell_0204
205,human1_lib1.final_cell_0205
206,human1_lib1.final_cell_0206
207,human1_lib1.final_cell_0207
208,human1_lib1.final_cell_0208
209,human1_lib1.final_cell_0209
210,human1_lib1.final_cell_0210
211,human1_lib1.final_cell_0211
212,human1_lib1.final_cell_0212
213,human1_lib1.final_cell_0213
214,human1_lib1.final_cell_0214
215,human1_lib1.final_cell_0215
216,human1_lib1.final_cell_0216
217,human1_lib1.final_cell_0217
218,human1_lib1.final_cell_0218
219,human1_lib1.final_cell_0219
220,human1_lib1.final_cell_0220
221,human1_lib1.final_cell_0221
222,human1_lib1.final_cell_0222
223,human1_lib1.final_cell_0223
224,human1_lib1.final_cell_0224
225,human1_lib1.final_cell_0225
226,human1_lib1.final_cell_0226
227,human1_lib1.final_cell_0227
228,human1_lib1.final_cell_0228
229,human1_lib1.final_cell_0229
230,human1_lib1.final_cell_0230
231,human1_lib1.final_cell_0231
232,human1_lib1.final_cell_0232
233,human1_lib1.final_cell_0233
234,human1_lib1.final_cell_0234
235,human1_lib1.final_cell_0235
236,human1_lib1.final_cell_0236
237,human1_lib1.final_cell_0237
238,human1_lib1.final_cell_0238
239,human1_lib1.final_cell_0239
240,human1_lib1.final_cell_0240
241,human1_lib1.final_cell_0241
242,human1_lib1.final_cell_0242
243,human1_lib1.final_cell_0243
244,human1_lib1.final_cell_0244
245,human1_lib1.final_cell_0245
246,human1_lib1.final_cell_0246
247,human1_lib1.final_cell_0247
248,human1_lib1.final_cell_0248
249,human1_lib1.final_cell_0249
250,human1_lib1.final_cell_0250
251,human1_lib1.final_cell_0251
252,human1_lib1.final_cell_0252
253,human1_lib1.final_cell_0253
254,human1_lib1.final_cell_0254
255,human1_lib1.final_cell_0255
256,human1_lib1.final_cell_0256
257,human1_lib1.final_cell_0257
258,human1_lib1.final_cell_0258
259,human1_lib1.final_cell_0259
260,human1_lib1.final_cell_0260
261,human1_lib1.final_cell_0261
262,human1_lib1.final_cell_0262
263,human1_lib1.final_cell_0263
264,human1_lib1.final_cell_0264
265,human1_lib1.final_cell_0265
266,human1_lib1.final_cell_0266
267,human1_lib1.final_cell_0267
268,human1_lib1.final_cell_0268
269,human1_lib1.final_cell_0269
270,human1_lib1.final_cell_0270
271,human1_lib1.final_cell_0271
272,human1_lib1.final_cell_0272
273,human1_lib1.final_cell_0273
274,human1_lib1.final_cell_0274
275,human1_lib1.final_cell_0275
276,human1_lib1.final_cell_0276
277,human1_lib1.final_cell_0277
278,human1_lib1.final_cell_0278
279,human1_lib1.final_cell_0279
280,human1_lib1.final_cell_0280
281,human1_lib1.final_cell_0281
282,human1_lib1.final_cell_0282
283,human1_lib1.final_cell_0283
284,human1_lib1.final_cell_0284
285,human1_lib1.final_cell_0285
286,human1_lib1.final_cell_0286
287,human1_lib1.final_cell_0287
288,human1_lib1.final_cell_0288
289,human1_lib1.final_cell_0289
290,human1_lib1.final_cell_0290
291,human1_lib1.final_cell_0291
292,human1_lib1.final_cell_0292
293,human1_lib1.final_cell_0293
294,human1_lib1.final_cell_0294
295,human1_lib1.final_cell_0295
296,human1_lib1.final_cell_0296
297,human1_lib1.final_cell_0297
298,human1_lib1.final_cell_0298
299,human1_lib1.final_cell_0299
300,human1_lib1.final_cell_0300
301,human1_lib1.final_cell_0301
302,human1_lib1.final_cell_0302
303,human1_lib1.final_cell_0303
304,human1_lib1.final_cell_0304
305,human1_lib1.final_cell_0305
306,human1_lib1.final_cell_0306
307,human1_lib1.final_cell_0307
308,human1_lib1.final_cell_0308
309,human1_lib1.final_cell_0309
310,human1_lib1.final_cell_0310
311,human1_lib1.final_cell_0311
312,human1_lib1.final_cell_0312
313,human1_lib1.final_cell_0313
314,human1_lib1.final_cell_0314
315,human1_lib1.final_cell_0315
316,human1_lib1.final_cell_0316
317,human1_lib1.final_cell_0317
318,human1_lib1.final_cell_0318
319,human1_lib1.final_cell_0319
320,human1_lib1.final_cell_0320
321,human1_lib1.final_cell_0321
322,human1_lib1.final_cell_0322
323,human1_lib1.final_cell_0323
324,human1_lib1.final_cell_0324
325,human1_lib1.final_cell_0325
326,human1_lib1.final_cell_0326
327,human1_lib1.final_cell_0327
328,human1_lib1.final_cell_0328
329,human1_lib1.final_cell_0329
330,human1_lib1.final_cell_0330
331,human1_lib1.final_cell_0331
332,human1_lib1.final_cell_0332
333,human1_lib1.final_cell_0333
334,human1_lib1.final_cell_0334
335,human1_lib1.final_cell_0335
336,human1_lib1.final_cell_0336
337,human1_lib1.final_cell_0337
338,human1_lib1.final_cell_0338
339,human1_lib1.final_cell_0339
340,human1_lib1.final_cell_0340
341,human1_lib1.final_cell_0341
342,human1_lib1.final_cell_0342
343,human1_lib1.final_cell_0343
344,human1_lib1.final_cell_0344
345,human1_lib1.final_cell_0345
346,human1_lib1.final_cell_0346
347,human1_lib1.final_cell_0347
348,human1_lib1.final_cell_0348
349,human1_lib1.final_cell_0349
350,human1_lib1.final_cell_0350
351,human1_lib1.final_cell_0351
352,human1_lib1.final_cell_0352
353,human1_lib1.final_cell_0353
354,human1_lib1.final_cell_0354
355,human1_lib1.final_cell_0355
356,human1_lib1.final_cell_0356
357,human1_lib1.final_cell_0357
358,human1_lib1.final_cell_0358
359,human1_lib1.final_cell_0359
360,human1_lib1.final_cell_0360
361,human1_lib1.final_cell_0361
362,human1_lib1.final_cell_0362
363,human1_lib1.final_cell_0363
364,human1_lib1.final_cell_0364
365,human1_lib1.final_cell_0365
366,human1_lib1.final_cell_0366
367,human1_lib1.final_cell_0367
368,human1_lib1.final_cell_0368
369,human1_lib1.final_cell_0369
370,human1_lib1.final_cell_0370
371,human1_lib1.final_cell_0371
372,human1_lib1.final_cell_0372
373,human1_lib1.final_cell_0373
374,human1_lib1.final_cell_0374
375,human1_lib1.final_cell_0375
376,human1_lib1.final_cell_0376
377,human1_lib1.final_cell_0377
378,human1_lib1.final_cell_0378
379,human1_lib1.final_cell_0379
380,human1_lib1.final_cell_0380
381,human1_lib1.final_cell_0381
382,human1_lib1.final_cell_0382
383,human1_lib1.final_cell_0383
384,human1_lib1.final_cell_0384
385,human1_lib1.final_cell_0385
386,human1_lib1.final_cell_0386
387,human1_lib1.final_cell_0387
388,human1_lib1.final_cell_0388
389,human1_lib1.final_cell_0389
390,human1_lib1.final_cell_0390
391,human1_lib1.final_cell_0391
392,human1_lib1.final_cell_0392
393,human1_lib1.final_cell_0393
394,human1_lib1.final_cell_0394
395,human1_lib1.final_cell_0395
396,human1_lib1.final_cell_0396
397,human1_lib1.final_cell_0397
398,human1_lib1.final_cell_0398
399,human1_lib1.final_cell_0399
400,human1_lib1.final_cell_0400
401,human1_lib1.final_cell_0401
402,human1_lib1.final_cell_0402
403,human1_lib1.final_cell_0403
404,human1_lib1.final_cell_0404
405,human1_lib1.final_cell_0405
406,human1_lib1.final_cell_0406
407,human1_lib1.final_cell_0407
408,human1_lib1.final_cell_0408
409,human1_lib1.final_cell_0409
410,human1_lib1.final_cell_0410
411,human1_lib1.final_cell_0411
412,human1_lib1.final_cell_0412
413,human1_lib1.final_cell_0413
414,human1_lib1.final_cell_0414
415,human1_lib1.final_cell_0415
416,human1_lib1.final_cell_0416
417,human1_lib1.final_cell_0417
418,human1_lib1.final_cell_0418
419,human1_lib1.final_cell_0419
420,human1_lib1.final_cell_0420
421,human1_lib1.final_cell_0421
422,human1_lib1.final_cell_0422
423,human1_lib1.final_cell_0423
424,human1_lib1.final_cell_0424
425,human1_lib1.final_cell_0425
426,human1_lib1.final_cell_0426
427,human1_lib1.final_cell_0427
428,human1_lib1.final_cell_0428
429,human1_lib1.final_cell_0429
430,human1_lib1.final_cell_0430
431,human1_lib1.final_cell_0431
432,human1_lib1.final_cell_0432
433,human1_lib1.final_cell_0433
434,human1_lib1.final_cell_0434
435,human1_lib1.final_cell_0435
436,human1_lib1.final_cell_0436
437,human1_lib1.final_cell_0437
438,human1_lib1.final_cell_0438
439,human1_lib1.final_cell_0439
440,human1_lib1.final_cell_0440
441,human1_lib1.final_cell_0441
442,human1_lib1.final_cell_0442
443,human1_lib1.final_cell_0443
444,human1_lib1.final_cell_0444
445,human1_lib1.final_cell_0445
446,human1_lib1.final_cell_0446
447,human1_lib1.final_cell_0447
448,human1_lib1.final_cell_0448
449,human1_lib1.final_cell_0449
450,human1_lib1.final_cell_0450
451,human1_lib1.final_cell_0451
452,human1_lib1.final_cell_0452
453,human1_lib1.final_cell_0453
454,human1_lib1.final_cell_0454
455,human1_lib1.final_cell_0455
456,human1_lib1.final_cell_0456
457,human1_lib1.final_cell_0457
458,human1_lib1.final_cell_0458
459,human1_lib1.final_cell_0459
460,human1_lib1.final_cell_0460
461,human1_lib1.final_cell_0461
462,human1_lib1.final_cell_0462
463,human1_lib1.final_cell_0463
464,human1_lib1.final_cell_0464
465,human1_lib1.final_cell_0465
466,human1_lib1.final_cell_0466
467,human1_lib1.final_cell_0467
468,human1_lib1.final_cell_0468
469,human1_lib1.final_cell_0469
470,human1_lib1.final_cell_0470
471,human1_lib1.final_cell_0471
472,human1_lib1.final_cell_0472
473,human1_lib1.final_cell_0473
474,human1_lib1.final_cell_0474
475,human1_lib1.final_cell_0475
476,human1_lib1.final_cell_0476
477,human1_lib1.final_cell_0477
478,human1_lib1.final_cell_0478
479,human1_lib1.final_cell_0479
480,human1_lib1.final_cell_0480
481,human1_lib1.final_cell_0481
482,human1_lib1.final_cell_0482
483,human1_lib1.final_cell_0483
484,human1_lib1.final_cell_0484
485,human1_lib1.final_cell_0485
486,human1_lib1.final_cell_0486
487,human1_lib1.final_cell_0487
488,human1_lib1.final_cell_0488
489,human1_lib1.final_cell_0489
490,human1_lib1.final_cell_0490
491,human1_lib1.final_cell_0491
492,human1_lib1.final_cell_0492
493,human1_lib1.final_cell_0493
494,human1_lib1.final_cell_0494
495,human1_lib1.final_cell_0495
496,human1_lib1.final_cell_0496
497,human1_lib1.final_cell_0497
498,human1_lib1.final_cell_0498
499,human1_lib1.final_cell_0499
500,human1_lib1.final_cell_0500
501,human1_lib1.final_cell_0501
502,human1_lib1.final_cell_0502
503,human1_lib1.final_cell_0503
504,human1_lib1.final_cell_0504
505,human1_lib1.final_cell_0505
506,human1_lib1.final_cell_0506
507,human1_lib1.final_cell_0507
508,human1_lib1.final_cell_0508
509,human1_lib1.final_cell_0509
510,human1_lib1.final_cell_0510
511,human1_lib1.final_cell_0511
512,human1_lib1.final_cell_0512
513,human1_lib1.final_cell_0513
514,human1_lib1.final_cell_0514
515,human1_lib1.final_cell_0515
516,human1_lib1.final_cell_0516
517,human1_lib1.final_cell_0517
518,human1_lib1.final_cell_0518
519,human1_lib1.final_cell_0519
520,human1_lib1.final_cell_0520
521,human1_lib1.final_cell_0521
522,human1_lib1.final_cell_0522
523,human1_lib1.final_cell_0523
524,human1_lib1.final_cell_0524
525,human1_lib1.final_cell_0525
526,human1_lib1.final_cell_0526
527,human1_lib1.final_cell_0527
528,human1_lib1.final_cell_0528
529,human1_lib1.final_cell_0529
530,human1_lib1.final_cell_0530
531,human1_lib1.final_cell_0531
532,human1_lib1.final_cell_0532
533,human1_lib1.final_cell_0533
534,human1_lib1.final_cell_0534
535,human1_lib1.final_cell_0535
536,human1_lib1.final_cell_0536
537,human1_lib1.final_cell_0537
538,human1_lib1.final_cell_0538
539,human1_lib1.final_cell_0539
540,human1_lib1.final_cell_0540
541,human1_lib1.final_cell_0541
542,human1_lib1.final_cell_0542
543,human1_lib1.final_cell_0543
544,human1_lib1.final_cell_0544
545,human1_lib1.final_cell_0545
546,human1_lib1.final_cell_0546
547,human1_lib1.final_cell_0547
548,human1_lib1.final_cell_0548
549,human1_lib1.final_cell_0549
550,human1_lib1.final_cell_0550
551,human1_lib1.final_cell_0551
552,human1_lib1.final_cell_0552
553,human1_lib1.final_cell_0553
554,human1_lib1.final_cell_0554
555,human1_lib1.final_cell_0555
556,human1_lib1.final_cell_0556
557,human1_lib1.final_cell_0557
558,human1_lib1.final_cell_0558
559,human1_lib1.final_cell_0559
560,human1_lib1.final_cell_0560
561,human1_lib1.final_cell_0561
562,human1_lib1.final_cell_0562
563,human1_lib1.final_cell_0563
564,human1_lib1.final_cell_0564
565,human1_lib1.final_cell_0565
566,human1_lib1.final_cell_0566
567,human1_lib1.final_cell_0567
568,human1_lib1.final_cell_0568
569,human1_lib2.final_cell_0001
570,human1_lib2.final_cell_0002
571,human1_lib2.final_cell_0003
572,human1_lib2.final_cell_0004
573,human1_lib2.final_cell_0005
574,human1_lib2.final_cell_0006
575,human1_lib2.final_cell_0007
576,human1_lib2.final_cell_0008
577,human1_lib2.final_cell_0009
578,human1_lib2.final_cell_0010
579,human1_lib2.final_cell_0011
580,human1_lib2.final_cell_0012
581,human1_lib2.final_cell_0013
582,human1_lib2.final_cell_0014
583,human1_lib2.final_cell_0015
584,human1_lib2.final_cell_0016
585,human1_lib2.final_cell_0017
586,human1_lib2.final_cell_0018
587,human1_lib2.final_cell_0019
588,human1_lib2.final_cell_0020
589,human1_lib2.final_cell_0021
590,human1_lib2.final_cell_0022
591,human1_lib2.final_cell_0023
592,human1_lib2.final_cell_0024
593,human1_lib2.final_cell_0025
594,human1_lib2.final_cell_0026
595,human1_lib2.final_cell_0027
596,human1_lib2.final_cell_0028
597,human1_lib2.final_cell_0029
598,human1_lib2.final_cell_0030
599,human1_lib2.final_cell_0031
600,human1_lib2.final_cell_0032
601,human1_lib2.final_cell_0033
602,human1_lib2.final_cell_0034
603,human1_lib2.final_cell_0035
604,human1_lib2.final_cell_0036
605,human1_lib2.final_cell_0037
606,human1_lib2.final_cell_0038
607,human1_lib2.final_cell_0039
608,human1_lib2.final_cell_0040
609,human1_lib2.final_cell_0041
610,human1_lib2.final_cell_0042
611,human1_lib2.final_cell_0043
612,human1_lib2.final_cell_0044
613,human1_lib2.final_cell_0045
614,human1_lib2.final_cell_0046
615,human1_lib2.final_cell_0047
616,human1_lib2.final_cell_0048
617,human1_lib2.final_cell_0049
618,human1_lib2.final_cell_0050
619,human1_lib2.final_cell_0051
620,human1_lib2.final_cell_0052
621,human1_lib2.final_cell_0053
622,human1_lib2.final_cell_0054
623,human1_lib2.final_cell_0055
624,human1_lib2.final_cell_0056
625,human1_lib2.final_cell_0057
626,human1_lib2.final_cell_0058
627,human1_lib2.final_cell_0059
628,human1_lib2.final_cell_0060
629,human1_lib2.final_cell_0061
630,human1_lib2.final_cell_0062
631,human1_lib2.final_cell_0063
632,human1_lib2.final_cell_0064
633,human1_lib2.final_cell_0065
634,human1_lib2.final_cell_0066
635,human1_lib2.final_cell_0067
636,human1_lib2.final_cell_0068
637,human1_lib2.final_cell_0069
638,human1_lib2.final_cell_0070
639,human1_lib2.final_cell_0071
640,human1_lib2.final_cell_0072
641,human1_lib2.final_cell_0073
642,human1_lib2.final_cell_0074
643,human1_lib2.final_cell_0075
644,human1_lib2.final_cell_0076
645,human1_lib2.final_cell_0077
646,human1_lib2.final_cell_0078
647,human1_lib2.final_cell_0079
648,human1_lib2.final_cell_0080
649,human1_lib2.final_cell_0081
650,human1_lib2.final_cell_0082
651,human1_lib2.final_cell_0083
652,human1_lib2.final_cell_0084
653,human1_lib2.final_cell_0085
654,human1_lib2.final_cell_0086
655,human1_lib2.final_cell_0087
656,human1_lib2.final_cell_0088
657,human1_lib2.final_cell_0089
658,human1_lib2.final_cell_0090
659,human1_lib2.final_cell_0091
660,human1_lib2.final_cell_0092
661,human1_lib2.final_cell_0093
662,human1_lib2.final_cell_0094
663,human1_lib2.final_cell_0095
664,human1_lib2.final_cell_0096
665,human1_lib2.final_cell_0097
666,human1_lib2.final_cell_0098
667,human1_lib2.final_cell_0099
668,human1_lib2.final_cell_0100
669,human1_lib2.final_cell_0101
670,human1_lib2.final_cell_0102
671,human1_lib2.final_cell_0103
672,human1_lib2.final_cell_0104
673,human1_lib2.final_cell_0105
674,human1_lib2.final_cell_0106
675,human1_lib2.final_cell_0107
676,human1_lib2.final_cell_0108
677,human1_lib2.final_cell_0109
678,human1_lib2.final_cell_0110
679,human1_lib2.final_cell_0111
680,human1_lib2.final_cell_0112
681,human1_lib2.final_cell_0113
682,human1_lib2.final_cell_0114
683,human1_lib2.final_cell_0115
684,human1_lib2.final_cell_0116
685,human1_lib2.final_cell_0117
686,human1_lib2.final_cell_0118
687,human1_lib2.final_cell_0119
688,human1_lib2.final_cell_0120
689,human1_lib2.final_cell_0121
690,human1_lib2.final_cell_0122
691,human1_lib2.final_cell_0123
692,human1_lib2.final_cell_0124
693,human1_lib2.final_cell_0125
694,human1_lib2.final_cell_0126
695,human1_lib2.final_cell_0127
696,human1_lib2.final_cell_0128
697,human1_lib2.final_cell_0129
698,human1_lib2.final_cell_0130
699,human1_lib2.final_cell_0131
700,human1_lib2.final_cell_0132
701,human1_lib2.final_cell_0133
702,human1_lib2.final_cell_0134
703,human1_lib2.final_cell_0135
704,human1_lib2.final_cell_0136
705,human1_lib2.final_cell_0137
706,human1_lib2.final_cell_0138
707,human1_lib2.final_cell_0139
708,human1_lib2.final_cell_0140
709,human1_lib2.final_cell_0141
710,human1_lib2.final_cell_0142
711,human1_lib2.final_cell_0143
712,human1_lib2.final_cell_0144
713,human1_lib2.final_cell_0145
714,human1_lib2.final_cell_0146
715,human1_lib2.final_cell_0147
716,human1_lib2.final_cell_0148
717,human1_lib2.final_cell_0149
718,human1_lib2.final_cell_0150
719,human1_lib2.final_cell_0151
720,human1_lib2.final_cell_0152
721,human1_lib2.final_cell_0153
722,human1_lib2.final_cell_0154
723,human1_lib2.final_cell_0155
724,human1_lib2.final_cell_0156
725,human1_lib2.final_cell_0157
726,human1_lib2.final_cell_0158
727,human1_lib2.final_cell_0159
728,human1_lib2.final_cell_0160
729,human1_lib2.final_cell_0161
730,human1_lib2.final_cell_0162
731,human1_lib2.final_cell_0163
732,human1_lib2.final_cell_0164
733,human1_lib2.final_cell_0165
734,human1_lib2.final_cell_0166
735,human1_lib2.final_cell_0167
736,human1_lib2.final_cell_0168
737,human1_lib2.final_cell_0169
738,human1_lib2.final_cell_0170
739,human1_lib2.final_cell_0171
740,human1_lib2.final_cell_0172
741,human1_lib2.final_cell_0173
742,human1_lib2.final_cell_0174
743,human1_lib2.final_cell_0175
744,human1_lib2.final_cell_0176
745,human1_lib2.final_cell_0177
746,human1_lib2.final_cell_0178
747,human1_lib2.final_cell_0179
748,human1_lib2.final_cell_0180
749,human1_lib2.final_cell_0181
750,human1_lib2.final_cell_0182
751,human1_lib2.final_cell_0183
752,human1_lib2.final_cell_0184
753,human1_lib2.final_cell_0185
754,human1_lib2.final_cell_0186
755,human1_lib2.final_cell_0187
756,human1_lib2.final_cell_0188
757,human1_lib2.final_cell_0189
758,human1_lib2.final_cell_0190
759,human1_lib2.final_cell_0191
760,human1_lib2.final_cell_0192
761,human1_lib2.final_cell_0193
762,human1_lib2.final_cell_0194
763,human1_lib2.final_cell_0195
764,human1_lib2.final_cell_0196
765,human1_lib2.final_cell_0197
766,human1_lib2.final_cell_0198
767,human1_lib2.final_cell_0199
768,human1_lib2.final_cell_0200
769,human1_lib2.final_cell_0201
770,human1_lib2.final_cell_0202
771,human1_lib2.final_cell_0203
772,human1_lib2.final_cell_0204
773,human1_lib2.final_cell_0205
774,human1_lib2.final_cell_0206
775,human1_lib2.final_cell_0207
776,human1_lib2.final_cell_0208
777,human1_lib2.final_cell_0209
778,human1_lib2.final_cell_0210
779,human1_lib2.final_cell_0211
780,human1_lib2.final_cell_0212
781,human1_lib2.final_cell_0213
782,human1_lib2.final_cell_0214
783,human1_lib2.final_cell_0215
784,human1_lib2.final_cell_0216
785,human1_lib2.final_cell_0217
786,human1_lib2.final_cell_0218
787,human1_lib2.final_cell_0219
788,human1_lib2.final_cell_0220
789,human1_lib2.final_cell_0221
790,human1_lib2.final_cell_0222
791,human1_lib2.final_cell_0223
792,human1_lib2.final_cell_0224
793,human1_lib2.final_cell_0225
794,human1_lib2.final_cell_0226
795,human1_lib2.final_cell_0227
796,human1_lib2.final_cell_0228
797,human1_lib2.final_cell_0229
798,human1_lib2.final_cell_0230
799,human1_lib2.final_cell_0231
800,human1_lib2.final_cell_0232
801,human1_lib2.final_cell_0233
802,human1_lib2.final_cell_0234
803,human1_lib2.final_cell_0235
804,human1_lib2.final_cell_0236
805,human1_lib2.final_cell_0237
806,human1_lib2.final_cell_0238
807,human1_lib2.final_cell_0239
808,human1_lib2.final_cell_0240
809,human1_lib2.final_cell_0241
810,human1_lib2.final_cell_0242
811,human1_lib2.final_cell_0243
812,human1_lib2.final_cell_0244
813,human1_lib2.final_cell_0245
814,human1_lib2.final_cell_0246
815,human1_lib2.final_cell_0247
816,human1_lib2.final_cell_0248
817,human1_lib2.final_cell_0249
818,human1_lib2.final_cell_0250
819,human1_lib2.final_cell_0251
820,human1_lib2.final_cell_0252
821,human1_lib2.final_cell_0253
822,human1_lib2.final_cell_0254
823,human1_lib2.final_cell_0255
824,human1_lib2.final_cell_0256
825,human1_lib2.final_cell_0257
826,human1_lib2.final_cell_0258
827,human1_lib2.final_cell_0259
828,human1_lib2.final_cell_0260
829,human1_lib2.final_cell_0261
830,human1_lib2.final_cell_0262
831,human1_lib2.final_cell_0263
832,human1_lib2.final_cell_0264
833,human1_lib2.final_cell_0265
834,human1_lib2.final_cell_0266
835,human1_lib2.final_cell_0267
836,human1_lib2.final_cell_0268
837,human1_lib2.final_cell_0269
838,human1_lib2.final_cell_0270
839,human1_lib2.final_cell_0271
840,human1_lib2.final_cell_0272
841,human1_lib2.final_cell_0273
842,human1_lib2.final_cell_0274
843,human1_lib2.final_cell_0275
844,human1_lib2.final_cell_0276
845,human1_lib2.final_cell_0277
846,human1_lib2.final_cell_0278
847,human1_lib2.final_cell_0279
848,human1_lib2.final_cell_0280
849,human1_lib2.final_cell_0281
850,human1_lib2.final_cell_0282
851,human1_lib2.final_cell_0283
852,human1_lib2.final_cell_0284
853,human1_lib2.final_cell_0285
854,human1_lib2.final_cell_0286
855,human1_lib2.final_cell_0287
856,human1_lib2.final_cell_0288
857,human1_lib2.final_cell_0289
858,human1_lib2.final_cell_0290
859,human1_lib2.final_cell_0291
860,human1_lib2.final_cell_0292
861,human1_lib2.final_cell_0293
862,human1_lib2.final_cell_0294
863,human1_lib2.final_cell_0295
864,human1_lib2.final_cell_0296
865,human1_lib2.final_cell_0297
866,human1_lib2.final_cell_0298
867,human1_lib2.final_cell_0299
868,human1_lib2.final_cell_0300
869,human1_lib2.final_cell_0301
870,human1_lib2.final_cell_0302
871,human1_lib2.final_cell_0303
872,human1_lib2.final_cell_0304
873,human1_lib2.final_cell_0305
874,human1_lib2.final_cell_0306
875,human1_lib2.final_cell_0307
876,human1_lib2.final_cell_0308
877,human1_lib2.final_cell_0309
878,human1_lib2.final_cell_0310
879,human1_lib2.final_cell_0311
880,human1_lib2.final_cell_0312
881,human1_lib2.final_cell_0313
882,human1_lib2.final_cell_0314
883,human1_lib2.final_cell_0315
884,human1_lib2.final_cell_0316
885,human1_lib2.final_cell_0317
886,human1_lib2.final_cell_0318
887,human1_lib2.final_cell_0319
888,human1_lib2.final_cell_0320
889,human1_lib2.final_cell_0321
890,human1_lib2.final_cell_0322
891,human1_lib2.final_cell_0323
892,human1_lib2.final_cell_0324
893,human1_lib2.final_cell_0325
894,human1_lib2.final_cell_0326
895,human1_lib2.final_cell_0327
896,human1_lib2.final_cell_0328
897,human1_lib2.final_cell_0329
898,human1_lib2.final_cell_0330
899,human1_lib2.final_cell_0331
900,human1_lib2.final_cell_0332
901,human1_lib2.final_cell_0333
902,human1_lib2.final_cell_0334
903,human1_lib2.final_cell_0335
904,human1_lib2.final_cell_0336
905,human1_lib2.final_cell_0337
906,human1_lib2.final_cell_0338
907,human1_lib2.final_cell_0339
908,human1_lib2.final_cell_0340
909,human1_lib2.final_cell_0341
910,human1_lib2.final_cell_0342
911,human1_lib2.final_cell_0343
912,human1_lib2.final_cell_0344
913,human1_lib2.final_cell_0345
914,human1_lib2.final_cell_0346
915,human1_lib2.final_cell_0347
916,human1_lib2.final_cell_0348
917,human1_lib2.final_cell_0349
918,human1_lib2.final_cell_0350
919,human1_lib2.final_cell_0351
920,human1_lib2.final_cell_0352
921,human1_lib2.final_cell_0353
922,human1_lib2.final_cell_0354
923,human1_lib2.final_cell_0355
924,human1_lib2.final_cell_0356
925,human1_lib2.final_cell_0357
926,human1_lib2.final_cell_0358
927,human1_lib2.final_cell_0359
928,human1_lib2.final_cell_0360
929,human1_lib2.final_cell_0361
930,human1_lib2.final_cell_0362
931,human1_lib2.final_cell_0363
932,human1_lib2.final_cell_0364
933,human1_lib2.final_cell_0365
934,human1_lib2.final_cell_0366
935,human1_lib2.final_cell_0367
936,human1_lib2.final_cell_0368
937,human1_lib2.final_cell_0369
938,human1_lib2.final_cell_0370
939,human1_lib2.final_cell_0371
940,human1_lib2.final_cell_0372
941,human1_lib2.final_cell_0373
942,human1_lib2.final_cell_0374
943,human1_lib2.final_cell_0375
944,human1_lib2.final_cell_0376
945,human1_lib2.final_cell_0377
946,human1_lib2.final_cell_0378
947,human1_lib2.final_cell_0379
948,human1_lib2.final_cell_0380
949,human1_lib2.final_cell_0381
950,human1_lib2.final_cell_0382
951,human1_lib2.final_cell_0383
952,human1_lib2.final_cell_0384
953,human1_lib2.final_cell_0385
954,human1_lib2.final_cell_0386
955,human1_lib2.final_cell_0387
956,human1_lib2.final_cell_0388
957,human1_lib2.final_cell_0389
958,human1_lib2.final_cell_0390
959,human1_lib2.final_cell_0391
960,human1_lib2.final_cell_0392
961,human1_lib2.final_cell_0393
962,human1_lib2.final_cell_0394
963,human1_lib2.final_cell_0395
964,human1_lib2.final_cell_0396
965,human1_lib2.final_cell_0397
966,human1_lib2.final_cell_0398
967,human1_lib2.final_cell_0399
968,human1_lib2.final_cell_0400
969,human1_lib2.final_cell_0401
970,human1_lib2.final_cell_0402
971,human1_lib2.final_cell_0403
972,human1_lib2.final_cell_0404
973,human1_lib2.final_cell_0405
974,human1_lib2.final_cell_0406
975,human1_lib2.final_cell_0407
976,human1_lib2.final_cell_0408
977,human1_lib2.final_cell_0409
978,human1_lib2.final_cell_0410
979,human1_lib2.final_cell_0411
980,human1_lib2.final_cell_0412
981,human1_lib2.final_cell_0413
982,human1_lib2.final_cell_0414
983,human1_lib2.final_cell_0415
984,human1_lib2.final_cell_0416
985,human1_lib2.final_cell_0417
986,human1_lib2.final_cell_0418
987,human1_lib2.final_cell_0419
988,human1_lib2.final_cell_0420
989,human1_lib2.final_cell_0421
990,human1_lib2.final_cell_0422
991,human1_lib2.final_cell_0423
992,human1_lib2.final_cell_0424
993,human1_lib2.final_cell_0425
994,human1_lib2.final_cell_0426
995,human1_lib2.final_cell_0427
996,human1_lib2.final_cell_0428
997,human1_lib2.final_cell_0429
998,human1_lib2.final_cell_0430
999,human1_lib2.final_cell_0431
1000,human1_lib2.final_cell_0432
1001,human1_lib2.final_cell_0433
1002,human1_lib2.final_cell_0434
1003,human1_lib2.final_cell_0435
1004,human1_lib2.final_cell_0436
1005,human1_lib2.final_cell_0437
1006,human1_lib2.final_cell_0438
1007,human1_lib2.final_cell_0439
1008,human1_lib2.final_cell_0440
1009,human1_lib2.final_cell_0441
1010,human1_lib2.final_cell_0442
1011,human1_lib2.final_cell_0443
1012,human1_lib2.final_cell_0444
1013,human1_lib2.final_cell_0445
1014,human1_lib2.final_cell_0446
1015,human1_lib2.final_cell_0447
1016,human1_lib2.final_cell_0448
1017,human1_lib2.final_cell_0449
1018,human1_lib2.final_cell_0450
1019,human1_lib2.final_cell_0451
1020,human1_lib2.final_cell_0452
1021,human1_lib2.final_cell_0453
1022,human1_lib2.final_cell_0454
1023,human1_lib2.final_cell_0455
1024,human1_lib2.final_cell_0456
1025,human1_lib2.final_cell_0457
1026,human1_lib2.final_cell_0458
1027,human1_lib2.final_cell_0459
1028,human1_lib2.final_cell_0460
1029,human1_lib2.final_cell_0461
1030,human1_lib2.final_cell_0462
1031,human1_lib2.final_cell_0463
1032,human1_lib2.final_cell_0464
1033,human1_lib2.final_cell_0465
1034,human1_lib2.final_cell_0466
1035,human1_lib2.final_cell_0467
1036,human1_lib2.final_cell_0468
1037,human1_lib2.final_cell_0469
1038,human1_lib2.final_cell_0470
1039,human1_lib2.final_cell_0471
1040,human1_lib2.final_cell_0472
1041,human1_lib2.final_cell_0473
1042,human1_lib2.final_cell_0474
1043,human1_lib2.final_cell_0475
1044,human1_lib2.final_cell_0476
1045,human1_lib2.final_cell_0477
1046,human1_lib2.final_cell_0478
1047,human1_lib2.final_cell_0479
1048,human1_lib2.final_cell_0480
1049,human1_lib2.final_cell_0481
1050,human1_lib2.final_cell_0482
1051,human1_lib2.final_cell_0483
1052,human1_lib2.final_cell_0484
1053,human1_lib2.final_cell_0485
1054,human1_lib2.final_cell_0486
1055,human1_lib2.final_cell_0487
1056,human1_lib2.final_cell_0488
1057,human1_lib2.final_cell_0489
1058,human1_lib2.final_cell_0490
1059,human1_lib2.final_cell_0491
1060,human1_lib2.final_cell_0492
1061,human1_lib2.final_cell_0493
1062,human1_lib2.final_cell_0494
1063,human1_lib2.final_cell_0495
1064,human1_lib2.final_cell_0496
1065,human1_lib2.final_cell_0497
1066,human1_lib2.final_cell_0498
1067,human1_lib2.final_cell_0499
1068,human1_lib2.final_cell_0500
1069,human1_lib2.final_cell_0501
1070,human1_lib2.final_cell_0502
1071,human1_lib2.final_cell_0503
1072,human1_lib2.final_cell_0504
1073,human1_lib2.final_cell_0505
1074,human1_lib2.final_cell_0506
1075,human1_lib2.final_cell_0507
1076,human1_lib2.final_cell_0508
1077,human1_lib2.final_cell_0509
1078,human1_lib2.final_cell_0510
1079,human1_lib2.final_cell_0511
1080,human1_lib2.final_cell_0512
1081,human1_lib2.final_cell_0513
1082,human1_lib2.final_cell_0514
1083,human1_lib2.final_cell_0515
1084,human1_lib2.final_cell_0516
1085,human1_lib2.final_cell_0517
1086,human1_lib2.final_cell_0518
1087,human1_lib2.final_cell_0519
1088,human1_lib2.final_cell_0520
1089,human1_lib2.final_cell_0521
1090,human1_lib2.final_cell_0522
1091,human1_lib2.final_cell_0523
1092,human1_lib2.final_cell_0524
1093,human1_lib2.final_cell_0525
1094,human1_lib2.final_cell_0526
1095,human1_lib2.final_cell_0527
1096,human1_lib2.final_cell_0528
1097,human1_lib2.final_cell_0529
1098,human1_lib2.final_cell_0530
1099,human1_lib2.final_cell_0531
1100,human1_lib2.final_cell_0532
1101,human1_lib2.final_cell_0533
1102,human1_lib2.final_cell_0534
1103,human1_lib2.final_cell_0535
1104,human1_lib2.final_cell_0536
1105,human1_lib2.final_cell_0537
1106,human1_lib2.final_cell_0538
1107,human1_lib2.final_cell_0539
1108,human1_lib2.final_cell_0540
1109,human1_lib2.final_cell_0541
1110,human1_lib2.final_cell_0542
1111,human1_lib2.final_cell_0543
1112,human1_lib2.final_cell_0544
1113,human1_lib2.final_cell_0545
1114,human1_lib2.final_cell_0546
1115,human1_lib2.final_cell_0547
1116,human1_lib2.final_cell_0548
1117,human1_lib2.final_cell_0549
1118,human1_lib2.final_cell_0550
1119,human1_lib2.final_cell_0551
1120,human1_lib2.final_cell_0552
1121,human1_lib2.final_cell_0553
1122,human1_lib2.final_cell_0554
1123,human1_lib2.final_cell_0555
1124,human1_lib2.final_cell_0556
1125,human1_lib2.final_cell_0557
1126,human1_lib2.final_cell_0558
1127,human1_lib2.final_cell_0559
1128,human1_lib2.final_cell_0560
1129,human1_lib2.final_cell_0561
1130,human1_lib2.final_cell_0562
1131,human1_lib2.final_cell_0563
1132,human1_lib2.final_cell_0564
1133,human1_lib2.final_cell_0565
1134,human1_lib2.final_cell_0566
1135,human1_lib2.final_cell_0567
1136,human1_lib2.final_cell_0568
1137,human1_lib2.final_cell_0569
1138,human1_lib2.final_cell_0570
1139,human1_lib2.final_cell_0571
1140,human1_lib2.final_cell_0572
1141,human1_lib2.final_cell_0573
1142,human1_lib2.final_cell_0574
1143,human1_lib2.final_cell_0575
1144,human1_lib2.final_cell_0576
1145,human1_lib2.final_cell_0577
1146,human1_lib2.final_cell_0578
1147,human1_lib2.final_cell_0579
1148,human1_lib2.final_cell_0580
1149,human1_lib2.final_cell_0581
1150,human1_lib2.final_cell_0582
1151,human1_lib2.final_cell_0583
1152,human1_lib2.final_cell_0584
1153,human1_lib2.final_cell_0585
1154,human1_lib2.final_cell_0586
1155,human1_lib2.final_cell_0587
1156,human1_lib2.final_cell_0588
1157,human1_lib2.final_cell_0589
1158,human1_lib2.final_cell_0590
1159,human1_lib2.final_cell_0591
1160,human1_lib2.final_cell_0592
1161,human1_lib2.final_cell_0593
1162,human1_lib2.final_cell_0594
1163,human1_lib2.final_cell_0595
1164,human1_lib2.final_cell_0596
1165,human1_lib2.final_cell_0597
1166,human1_lib2.final_cell_0598
1167,human1_lib2.final_cell_0599
1168,human1_lib2.final_cell_0600
1169,human1_lib2.final_cell_0601
1170,human1_lib2.final_cell_0602
1171,human1_lib2.final_cell_0603
1172,human1_lib2.final_cell_0604
1173,human1_lib2.final_cell_0605
1174,human1_lib2.final_cell_0606
1175,human1_lib2.final_cell_0607
1176,human1_lib2.final_cell_0608
1177,human1_lib2.final_cell_0609
1178,human1_lib2.final_cell_0610
1179,human1_lib2.final_cell_0611
1180,human1_lib2.final_cell_0612
1181,human1_lib2.final_cell_0613
1182,human1_lib2.final_cell_0614
1183,human1_lib2.final_cell_0615
1184,human1_lib2.final_cell_0616
1185,human1_lib2.final_cell_0617
1186,human1_lib2.final_cell_0618
1187,human1_lib2.final_cell_0619
1188,human1_lib2.final_cell_0620
1189,human1_lib2.final_cell_0621
1190,human1_lib2.final_cell_0622
1191,human1_lib2.final_cell_0623
1192,human1_lib2.final_cell_0624
1193,human1_lib2.final_cell_0625
1194,human1_lib2.final_cell_0626
1195,human1_lib2.final_cell_0627
1196,human1_lib2.final_cell_0628
1197,human1_lib2.final_cell_0629
1198,human1_lib3.final_cell_0001
1199,human1_lib3.final_cell_0002
1200,human1_lib3.final_cell_0003
1201,human1_lib3.final_cell_0004
1202,human1_lib3.final_cell_0005
1203,human1_lib3.final_cell_0006
1204,human1_lib3.final_cell_0007
1205,human1_lib3.final_cell_0008
1206,human1_lib3.final_cell_0009
1207,human1_lib3.final_cell_0010
1208,human1_lib3.final_cell_0011
1209,human1_lib3.final_cell_0012
1210,human1_lib3.final_cell_0013
1211,human1_lib3.final_cell_0014
1212,human1_lib3.final_cell_0015
1213,human1_lib3.final_cell_0016
1214,human1_lib3.final_cell_0017
1215,human1_lib3.final_cell_0018
1216,human1_lib3.final_cell_0019
1217,human1_lib3.final_cell_0020
1218,human1_lib3.final_cell_0021
1219,human1_lib3.final_cell_0022
1220,human1_lib3.final_cell_0023
1221,human1_lib3.final_cell_0024
1222,human1_lib3.final_cell_0025
1223,human1_lib3.final_cell_0026
1224,human1_lib3.final_cell_0027
1225,human1_lib3.final_cell_0028
1226,human1_lib3.final_cell_0029
1227,human1_lib3.final_cell_0030
1228,human1_lib3.final_cell_0031
1229,human1_lib3.final_cell_0032
1230,human1_lib3.final_cell_0033
1231,human1_lib3.final_cell_0034
1232,human1_lib3.final_cell_0035
1233,human1_lib3.final_cell_0036
1234,human1_lib3.final_cell_0037
1235,human1_lib3.final_cell_0038
1236,human1_lib3.final_cell_0039
1237,human1_lib3.final_cell_0040
1238,human1_lib3.final_cell_0041
1239,human1_lib3.final_cell_0042
1240,human1_lib3.final_cell_0043
1241,human1_lib3.final_cell_0044
1242,human1_lib3.final_cell_0045
1243,human1_lib3.final_cell_0046
1244,human1_lib3.final_cell_0047
1245,human1_lib3.final_cell_0048
1246,human1_lib3.final_cell_0049
1247,human1_lib3.final_cell_0050
1248,human1_lib3.final_cell_0051
1249,human1_lib3.final_cell_0052
1250,human1_lib3.final_cell_0053
1251,human1_lib3.final_cell_0054
1252,human1_lib3.final_cell_0055
1253,human1_lib3.final_cell_0056
1254,human1_lib3.final_cell_0057
1255,human1_lib3.final_cell_0058
1256,human1_lib3.final_cell_0059
1257,human1_lib3.final_cell_0060
1258,human1_lib3.final_cell_0061
1259,human1_lib3.final_cell_0062
1260,human1_lib3.final_cell_0063
1261,human1_lib3.final_cell_0064
1262,human1_lib3.final_cell_0065
1263,human1_lib3.final_cell_0066
1264,human1_lib3.final_cell_0067
1265,human1_lib3.final_cell_0068
1266,human1_lib3.final_cell_0069
1267,human1_lib3.final_cell_0070
1268,human1_lib3.final_cell_0071
1269,human1_lib3.final_cell_0072
1270,human1_lib3.final_cell_0073
1271,human1_lib3.final_cell_0074
1272,human1_lib3.final_cell_0075
1273,human1_lib3.final_cell_0076
1274,human1_lib3.final_cell_0077
1275,human1_lib3.final_cell_0078
1276,human1_lib3.final_cell_0079
1277,human1_lib3.final_cell_0080
1278,human1_lib3.final_cell_0081
1279,human1_lib3.final_cell_0082
1280,human1_lib3.final_cell_0083
1281,human1_lib3.final_cell_0084
1282,human1_lib3.final_cell_0085
1283,human1_lib3.final_cell_0086
1284,human1_lib3.final_cell_0087
1285,human1_lib3.final_cell_0088
1286,human1_lib3.final_cell_0089
1287,human1_lib3.final_cell_0090
1288,human1_lib3.final_cell_0091
1289,human1_lib3.final_cell_0092
1290,human1_lib3.final_cell_0093
1291,human1_lib3.final_cell_0094
1292,human1_lib3.final_cell_0095
1293,human1_lib3.final_cell_0096
1294,human1_lib3.final_cell_0097
1295,human1_lib3.final_cell_0098
1296,human1_lib3.final_cell_0099
1297,human1_lib3.final_cell_0100
1298,human1_lib3.final_cell_0101
1299,human1_lib3.final_cell_0102
1300,human1_lib3.final_cell_0103
1301,human1_lib3.final_cell_0104
1302,human1_lib3.final_cell_0105
1303,human1_lib3.final_cell_0106
1304,human1_lib3.final_cell_0107
1305,human1_lib3.final_cell_0108
1306,human1_lib3.final_cell_0109
1307,human1_lib3.final_cell_0110
1308,human1_lib3.final_cell_0111
1309,human1_lib3.final_cell_0112
1310,human1_lib3.final_cell_0113
1311,human1_lib3.final_cell_0114
1312,human1_lib3.final_cell_0115
1313,human1_lib3.final_cell_0116
1314,human1_lib3.final_cell_0117
1315,human1_lib3.final_cell_0118
1316,human1_lib3.final_cell_0119
1317,human1_lib3.final_cell_0120
1318,human1_lib3.final_cell_0121
1319,human1_lib3.final_cell_0122
1320,human1_lib3.final_cell_0123
1321,human1_lib3.final_cell_0124
1322,human1_lib3.final_cell_0125
1323,human1_lib3.final_cell_0126
1324,human1_lib3.final_cell_0127
1325,human1_lib3.final_cell_0128
1326,human1_lib3.final_cell_0129
1327,human1_lib3.final_cell_0130
1328,human1_lib3.final_cell_0131
1329,human1_lib3.final_cell_0132
1330,human1_lib3.final_cell_0133
1331,human1_lib3.final_cell_0134
1332,human1_lib3.final_cell_0135
1333,human1_lib3.final_cell_0136
1334,human1_lib3.final_cell_0137
1335,human1_lib3.final_cell_0138
1336,human1_lib3.final_cell_0139
1337,human1_lib3.final_cell_0140
1338,human1_lib3.final_cell_0141
1339,human1_lib3.final_cell_0142
1340,human1_lib3.final_cell_0143
1341,human1_lib3.final_cell_0144
1342,human1_lib3.final_cell_0145
1343,human1_lib3.final_cell_0146
1344,human1_lib3.final_cell_0147
1345,human1_lib3.final_cell_0148
1346,human1_lib3.final_cell_0149
1347,human1_lib3.final_cell_0150
1348,human1_lib3.final_cell_0151
1349,human1_lib3.final_cell_0152
1350,human1_lib3.final_cell_0153
1351,human1_lib3.final_cell_0154
1352,human1_lib3.final_cell_0155
1353,human1_lib3.final_cell_0156
1354,human1_lib3.final_cell_0157
1355,human1_lib3.final_cell_0158
1356,human1_lib3.final_cell_0159
1357,human1_lib3.final_cell_0160
1358,human1_lib3.final_cell_0161
1359,human1_lib3.final_cell_0162
1360,human1_lib3.final_cell_0163
1361,human1_lib3.final_cell_0164
1362,human1_lib3.final_cell_0165
1363,human1_lib3.final_cell_0166
1364,human1_lib3.final_cell_0167
1365,human1_lib3.final_cell_0168
1366,human1_lib3.final_cell_0169
1367,human1_lib3.final_cell_0170
1368,human1_lib3.final_cell_0171
1369,human1_lib3.final_cell_0172
1370,human1_lib3.final_cell_0173
1371,human1_lib3.final_cell_0174
1372,human1_lib3.final_cell_0175
1373,human1_lib3.final_cell_0176
1374,human1_lib3.final_cell_0177
1375,human1_lib3.final_cell_0178
1376,human1_lib3.final_cell_0179
1377,human1_lib3.final_cell_0180
1378,human1_lib3.final_cell_0181
1379,human1_lib3.final_cell_0182
1380,human1_lib3.final_cell_0183
1381,human1_lib3.final_cell_0184
1382,human1_lib3.final_cell_0185
1383,human1_lib3.final_cell_0186
1384,human1_lib3.final_cell_0187
1385,human1_lib3.final_cell_0188
1386,human1_lib3.final_cell_0189
1387,human1_lib3.final_cell_0190
1388,human1_lib3.final_cell_0191
1389,human1_lib3.final_cell_0192
1390,human1_lib3.final_cell_0193
1391,human1_lib3.final_cell_0194
1392,human1_lib3.final_cell_0195
1393,human1_lib3.final_cell_0196
1394,human1_lib3.final_cell_0197
1395,human1_lib3.final_cell_0198
1396,human1_lib3.final_cell_0199
1397,human1_lib3.final_cell_0200
1398,human1_lib3.final_cell_0201
1399,human1_lib3.final_cell_0202
1400,human1_lib3.final_cell_0203
1401,human1_lib3.final_cell_0204
1402,human1_lib3.final_cell_0205
1403,human1_lib3.final_cell_0206
1404,human1_lib3.final_cell_0207
1405,human1_lib3.final_cell_0208
1406,human1_lib3.final_cell_0209
1407,human1_lib3.final_cell_0210
1408,human1_lib3.final_cell_0211
1409,human1_lib3.final_cell_0212
1410,human1_lib3.final_cell_0213
1411,human1_lib3.final_cell_0214
1412,human1_lib3.final_cell_0215
1413,human1_lib3.final_cell_0216
1414,human1_lib3.final_cell_0217
1415,human1_lib3.final_cell_0218
1416,human1_lib3.final_cell_0219
1417,human1_lib3.final_cell_0220
1418,human1_lib3.final_cell_0221
1419,human1_lib3.final_cell_0222
1420,human1_lib3.final_cell_0223
1421,human1_lib3.final_cell_0224
1422,human1_lib3.final_cell_0225
1423,human1_lib3.final_cell_0226
1424,human1_lib3.final_cell_0227
1425,human1_lib3.final_cell_0228
1426,human1_lib3.final_cell_0229
1427,human1_lib3.final_cell_0230
1428,human1_lib3.final_cell_0231
1429,human1_lib3.final_cell_0232
1430,human1_lib3.final_cell_0233
1431,human1_lib3.final_cell_0234
1432,human1_lib3.final_cell_0235
1433,human1_lib3.final_cell_0236
1434,human1_lib3.final_cell_0237
1435,human1_lib3.final_cell_0238
1436,human1_lib3.final_cell_0239
1437,human1_lib3.final_cell_0240
1438,human1_lib3.final_cell_0241
1439,human1_lib3.final_cell_0242
1440,human1_lib3.final_cell_0243
1441,human1_lib3.final_cell_0244
1442,human1_lib3.final_cell_0245
1443,human1_lib3.final_cell_0246
1444,human1_lib3.final_cell_0247
1445,human1_lib3.final_cell_0248
1446,human1_lib3.final_cell_0249
1447,human1_lib3.final_cell_0250
1448,human1_lib3.final_cell_0251
1449,human1_lib3.final_cell_0252
1450,human1_lib3.final_cell_0253
1451,human1_lib3.final_cell_0254
1452,human1_lib3.final_cell_0255
1453,human1_lib3.final_cell_0256
1454,human1_lib3.final_cell_0257
1455,human1_lib3.final_cell_0258
1456,human1_lib3.final_cell_0259
1457,human1_lib3.final_cell_0260
1458,human1_lib3.final_cell_0261
1459,human1_lib3.final_cell_0262
1460,human1_lib3.final_cell_0263
1461,human1_lib3.final_cell_0264
1462,human1_lib3.final_cell_0265
1463,human1_lib3.final_cell_0266
1464,human1_lib3.final_cell_0267
1465,human1_lib3.final_cell_0268
1466,human1_lib3.final_cell_0269
1467,human1_lib3.final_cell_0270
1468,human1_lib3.final_cell_0271
1469,human1_lib3.final_cell_0272
1470,human1_lib3.final_cell_0273
1471,human1_lib3.final_cell_0274
1472,human1_lib3.final_cell_0275
1473,human1_lib3.final_cell_0276
1474,human1_lib3.final_cell_0277
1475,human1_lib3.final_cell_0278
1476,human1_lib3.final_cell_0279
1477,human1_lib3.final_cell_0280
1478,human1_lib3.final_cell_0281
1479,human1_lib3.final_cell_0282
1480,human1_lib3.final_cell_0283
1481,human1_lib3.final_cell_0284
1482,human1_lib3.final_cell_0285
1483,human1_lib3.final_cell_0286
1484,human1_lib3.final_cell_0287
1485,human1_lib3.final_cell_0288
1486,human1_lib3.final_cell_0289
1487,human1_lib3.final_cell_0290
1488,human1_lib3.final_cell_0291
1489,human1_lib3.final_cell_0292
1490,human1_lib3.final_cell_0293
1491,human1_lib3.final_cell_0294
1492,human1_lib3.final_cell_0295
1493,human1_lib3.final_cell_0296
1494,human1_lib3.final_cell_0297
1495,human1_lib3.final_cell_0298
1496,human1_lib3.final_cell_0299
1497,human1_lib3.final_cell_0300
1498,human1_lib3.final_cell_0301
1499,human1_lib3.final_cell_0302
1500,human1_lib3.final_cell_0303
1501,human1_lib3.final_cell_0304
1502,human1_lib3.final_cell_0305
1503,human1_lib3.final_cell_0306
1504,human1_lib3.final_cell_0307
1505,human1_lib3.final_cell_0308
1506,human1_lib3.final_cell_0309
1507,human1_lib3.final_cell_0310
1508,human1_lib3.final_cell_0311
1509,human1_lib3.final_cell_0312
1510,human1_lib3.final_cell_0313
1511,human1_lib3.final_cell_0314
1512,human1_lib3.final_cell_0315
1513,human1_lib3.final_cell_0316
1514,human1_lib3.final_cell_0317
1515,human1_lib3.final_cell_0318
1516,human1_lib3.final_cell_0319
1517,human1_lib3.final_cell_0320
1518,human1_lib3.final_cell_0321
1519,human1_lib3.final_cell_0322
1520,human1_lib3.final_cell_0323
1521,human1_lib3.final_cell_0324
1522,human1_lib3.final_cell_0325
1523,human1_lib3.final_cell_0326
1524,human1_lib3.final_cell_0327
1525,human1_lib3.final_cell_0328
1526,human1_lib3.final_cell_0329
1527,human1_lib3.final_cell_0330
1528,human1_lib3.final_cell_0331
1529,human1_lib3.final_cell_0332
1530,human1_lib3.final_cell_0333
1531,human1_lib3.final_cell_0334
1532,human1_lib3.final_cell_0335
1533,human1_lib3.final_cell_0336
1534,human1_lib3.final_cell_0337
1535,human1_lib3.final_cell_0338
1536,human1_lib3.final_cell_0339
1537,human1_lib3.final_cell_0340
1538,human1_lib3.final_cell_0341
1539,human1_lib3.final_cell_0342
1540,human1_lib3.final_cell_0343
1541,human1_lib3.final_cell_0344
1542,human1_lib3.final_cell_0345
1543,human1_lib3.final_cell_0346
1544,human1_lib3.final_cell_0347
1545,human1_lib3.final_cell_0348
1546,human1_lib3.final_cell_0349
1547,human1_lib3.final_cell_0350
1548,human1_lib3.final_cell_0351
1549,human1_lib3.final_cell_0352
1550,human1_lib3.final_cell_0353
1551,human1_lib3.final_cell_0354
1552,human1_lib3.final_cell_0355
1553,human1_lib3.final_cell_0356
1554,human1_lib3.final_cell_0357
1555,human1_lib3.final_cell_0358
1556,human1_lib3.final_cell_0359
1557,human1_lib3.final_cell_0360
1558,human1_lib3.final_cell_0361
1559,human1_lib3.final_cell_0362
1560,human1_lib3.final_cell_0363
1561,human1_lib3.final_cell_0364
1562,human1_lib3.final_cell_0365
1563,human1_lib3.final_cell_0366
1564,human1_lib3.final_cell_0367
1565,human1_lib3.final_cell_0368
1566,human1_lib3.final_cell_0369
1567,human1_lib3.final_cell_0370
1568,human1_lib3.final_cell_0371
1569,human1_lib3.final_cell_0372
1570,human1_lib3.final_cell_0373
1571,human1_lib3.final_cell_0374
1572,human1_lib3.final_cell_0375
1573,human1_lib3.final_cell_0376
1574,human1_lib3.final_cell_0377
1575,human1_lib3.final_cell_0378
1576,human1_lib3.final_cell_0379
1577,human1_lib3.final_cell_0380
1578,human1_lib3.final_cell_0381
1579,human1_lib3.final_cell_0382
1580,human1_lib3.final_cell_0383
1581,human1_lib3.final_cell_0384
1582,human1_lib3.final_cell_0385
1583,human1_lib3.final_cell_0386
1584,human1_lib3.final_cell_0387
1585,human1_lib3.final_cell_0388
1586,human1_lib3.final_cell_0389
1587,human1_lib3.final_cell_0390
1588,human1_lib3.final_cell_0391
1589,human1_lib3.final_cell_0392
1590,human1_lib3.final_cell_0393
1591,human1_lib3.final_cell_0394
1592,human1_lib3.final_cell_0395
1593,human1_lib3.final_cell_0396
1594,human1_lib3.final_cell_0397
1595,human1_lib3.final_cell_0398
1596,human1_lib3.final_cell_0399
1597,human1_lib3.final_cell_0400
1598,human1_lib3.final_cell_0401
1599,human1_lib3.final_cell_0402
1600,human1_lib3.final_cell_0403
1601,human1_lib3.final_cell_0404
1602,human1_lib3.final_cell_0405
1603,human1_lib3.final_cell_0406
1604,human1_lib3.final_cell_0407
1605,human1_lib3.final_cell_0408
1606,human1_lib3.final_cell_0409
1607,human1_lib3.final_cell_0410
1608,human1_lib3.final_cell_0411
1609,human1_lib3.final_cell_0412
1610,human1_lib3.final_cell_0413
1611,human1_lib3.final_cell_0414
1612,human1_lib3.final_cell_0415
1613,human1_lib3.final_cell_0416
1614,human1_lib3.final_cell_0417
1615,human1_lib3.final_cell_0418
1616,human1_lib3.final_cell_0419
1617,human1_lib3.final_cell_0420
1618,human1_lib3.final_cell_0421
1619,human1_lib3.final_cell_0422
1620,human1_lib3.final_cell_0423
1621,human1_lib3.final_cell_0424
1622,human1_lib3.final_cell_0425
1623,human1_lib3.final_cell_0426
1624,human1_lib3.final_cell_0427
1625,human1_lib3.final_cell_0428
1626,human1_lib3.final_cell_0429
1627,human1_lib3.final_cell_0430
1628,human1_lib3.final_cell_0431
1629,human1_lib3.final_cell_0432
1630,human1_lib3.final_cell_0433
1631,human1_lib3.final_cell_0434
1632,human1_lib3.final_cell_0435
1633,human1_lib3.final_cell_0436
1634,human1_lib3.final_cell_0437
1635,human1_lib3.final_cell_0438
1636,human1_lib3.final_cell_0439
1637,human1_lib3.final_cell_0440
1638,human1_lib3.final_cell_0441
1639,human1_lib3.final_cell_0442
1640,human1_lib3.final_cell_0443
1641,human1_lib3.final_cell_0444
1642,human1_lib3.final_cell_0445
1643,human1_lib3.final_cell_0446
1644,human1_lib3.final_cell_0447
1645,human1_lib3.final_cell_0448
1646,human1_lib3.final_cell_0449
1647,human1_lib3.final_cell_0450
1648,human1_lib3.final_cell_0451
1649,human1_lib3.final_cell_0452
1650,human1_lib3.final_cell_0453
1651,human1_lib3.final_cell_0454
1652,human1_lib3.final_cell_0455
1653,human1_lib3.final_cell_0456
1654,human1_lib3.final_cell_0457
1655,human1_lib3.final_cell_0458
1656,human1_lib3.final_cell_0459
1657,human1_lib3.final_cell_0460
1658,human1_lib3.final_cell_0461
1659,human1_lib3.final_cell_0462
1660,human1_lib3.final_cell_0463
1661,human1_lib3.final_cell_0464
1662,human1_lib3.final_cell_0465
1663,human1_lib3.final_cell_0466
1664,human1_lib3.final_cell_0467
1665,human1_lib3.final_cell_0468
1666,human1_lib3.final_cell_0469
1667,human1_lib3.final_cell_0470
1668,human1_lib3.final_cell_0471
1669,human1_lib3.final_cell_0472
1670,human1_lib3.final_cell_0473
1671,human1_lib3.final_cell_0474
1672,human1_lib3.final_cell_0475
1673,human1_lib3.final_cell_0476
1674,human1_lib3.final_cell_0477
1675,human1_lib3.final_cell_0478
1676,human1_lib3.final_cell_0479
1677,human1_lib3.final_cell_0480
1678,human1_lib3.final_cell_0481
1679,human1_lib3.final_cell_0482
1680,human1_lib3.final_cell_0483
1681,human1_lib3.final_cell_0484
1682,human1_lib3.final_cell_0485
1683,human1_lib3.final_cell_0486
1684,human1_lib3.final_cell_0487
1685,human1_lib3.final_cell_0488
1686,human1_lib3.final_cell_0489
1687,human1_lib3.final_cell_0490
1688,human1_lib3.final_cell_0491
1689,human1_lib3.final_cell_0492
1690,human1_lib3.final_cell_0493
1691,human1_lib3.final_cell_0494
1692,human1_lib3.final_cell_0495
1693,human1_lib3.final_cell_0496
1694,human1_lib3.final_cell_0497
1695,human1_lib3.final_cell_0498
1696,human1_lib3.final_cell_0499
1697,human1_lib3.final_cell_0500
1698,human1_lib3.final_cell_0501
1699,human1_lib3.final_cell_0502
1700,human1_lib3.final_cell_0503
1701,human1_lib3.final_cell_0504
1702,human1_lib3.final_cell_0505
1703,human1_lib3.final_cell_0506
1704,human1_lib3.final_cell_0507
1705,human1_lib3.final_cell_0508
1706,human1_lib3.final_cell_0509
1707,human1_lib3.final_cell_0510
1708,human1_lib3.final_cell_0511
1709,human1_lib3.final_cell_0512
1710,human1_lib3.final_cell_0513
1711,human1_lib3.final_cell_0514
1712,human1_lib3.final_cell_0515
1713,human1_lib3.final_cell_0516
1714,human1_lib3.final_cell_0517
1715,human1_lib3.final_cell_0518
1716,human1_lib3.final_cell_0519
1717,human1_lib3.final_cell_0520
1718,human1_lib3.final_cell_0521
1719,human1_lib3.final_cell_0522
1720,human1_lib3.final_cell_0523
1721,human1_lib3.final_cell_0524
1722,human1_lib3.final_cell_0525
1723,human1_lib3.final_cell_0526
1724,human1_lib3.final_cell_0527
1725,human1_lib3.final_cell_0528
1726,human1_lib3.final_cell_0529
1727,human1_lib3.final_cell_0530
1728,human1_lib3.final_cell_0531
1729,human1_lib3.final_cell_0532
1730,human1_lib3.final_cell_0533
1731,human1_lib3.final_cell_0534
1732,human1_lib3.final_cell_0535
1733,human1_lib3.final_cell_0536
1734,human1_lib3.final_cell_0537
1735,human1_lib3.final_cell_0538
1736,human1_lib3.final_cell_0539
1737,human1_lib3.final_cell_0540
1738,human1_lib3.final_cell_0541
1739,human1_lib3.final_cell_0542
1740,human1_lib3.final_cell_0543
1741,human1_lib3.final_cell_0544
1742,human1_lib3.final_cell_0545
1743,human1_lib3.final_cell_0546
1744,human1_lib3.final_cell_0547
1745,human1_lib3.final_cell_0548
1746,human1_lib3.final_cell_0549
1747,human1_lib3.final_cell_0550
1748,human1_lib3.final_cell_0551
1749,human1_lib3.final_cell_0552
1750,human1_lib3.final_cell_0553
1751,human1_lib3.final_cell_0554
1752,human1_lib3.final_cell_0555
1753,human1_lib3.final_cell_0556
1754,human1_lib3.final_cell_0557
1755,human1_lib3.final_cell_0558
1756,human1_lib3.final_cell_0559
1757,human1_lib3.final_cell_0560
1758,human1_lib3.final_cell_0561
1759,human1_lib3.final_cell_0562
1760,human1_lib3.final_cell_0563
1761,human1_lib3.final_cell_0564
1762,human1_lib3.final_cell_0565
1763,human1_lib3.final_cell_0566
1764,human1_lib3.final_cell_0567
1765,human1_lib3.final_cell_0568
1766,human1_lib3.final_cell_0569
1767,human1_lib3.final_cell_0570
1768,human1_lib3.final_cell_0571
1769,human1_lib3.final_cell_0572
1770,human1_lib3.final_cell_0573
1771,human1_lib3.final_cell_0574
1772,human1_lib3.final_cell_0575
1773,human1_lib3.final_cell_0576
1774,human1_lib3.final_cell_0577
1775,human1_lib3.final_cell_0578
1776,human1_lib3.final_cell_0579
1777,human1_lib3.final_cell_0580
1778,human1_lib3.final_cell_0581
1779,human1_lib3.final_cell_0582
1780,human1_lib3.final_cell_0583
1781,human1_lib3.final_cell_0584
1782,human1_lib3.final_cell_0585
1783,human1_lib3.final_cell_0586
1784,human1_lib3.final_cell_0587
1785,human1_lib3.final_cell_0588
1786,human1_lib3.final_cell_0589
1787,human1_lib3.final_cell_0590
1788,human1_lib3.final_cell_0591
1789,human1_lib3.final_cell_0592
1790,human1_lib3.final_cell_0593
1791,human1_lib3.final_cell_0594
1792,human1_lib3.final_cell_0595
1793,human1_lib3.final_cell_0596
1794,human1_lib3.final_cell_0597
1795,human1_lib3.final_cell_0598
1796,human1_lib3.final_cell_0599
1797,human1_lib3.final_cell_0600
1798,human1_lib3.final_cell_0601
1799,human1_lib3.final_cell_0602
1800,human1_lib3.final_cell_0603
1801,human1_lib3.final_cell_0604
1802,human1_lib3.final_cell_0605
1803,human1_lib3.final_cell_0606
1804,human1_lib3.final_cell_0607
1805,human1_lib3.final_cell_0608
1806,human1_lib3.final_cell_0609
1807,human1_lib3.final_cell_0610
1808,human1_lib3.final_cell_0611
1809,human1_lib3.final_cell_0612
1810,human1_lib3.final_cell_0613
1811,human1_lib3.final_cell_0614
1812,human1_lib3.final_cell_0615
1813,human1_lib3.final_cell_0616
1814,human1_lib3.final_cell_0617
1815,human1_lib3.final_cell_0618
1816,human1_lib3.final_cell_0619
1817,human1_lib3.final_cell_0620
1818,human1_lib3.final_cell_0621
1819,human1_lib3.final_cell_0622
1820,human1_lib3.final_cell_0623
1821,human1_lib3.final_cell_0624
1822,human1_lib3.final_cell_0625
1823,human1_lib3.final_cell_0626
1824,human1_lib3.final_cell_0627
1825,human1_lib3.final_cell_0628
1826,human1_lib3.final_cell_0629
1827,human1_lib3.final_cell_0630
1828,human1_lib3.final_cell_0631
1829,human1_lib3.final_cell_0632
1830,human1_lib3.final_cell_0633
1831,human1_lib3.final_cell_0634
1832,human1_lib3.final_cell_0635
1833,human1_lib3.final_cell_0636
1834,human1_lib3.final_cell_0637
1835,human1_lib3.final_cell_0638
1836,human1_lib3.final_cell_0639
1837,human1_lib3.final_cell_0640
1838,human1_lib3.final_cell_0641
1839,human1_lib3.final_cell_0642
1840,human1_lib3.final_cell_0643
1841,human1_lib3.final_cell_0644
1842,human1_lib3.final_cell_0645
1843,human1_lib3.final_cell_0646
1844,human1_lib3.final_cell_0647
1845,human1_lib3.final_cell_0648
1846,human1_lib3.final_cell_0649
1847,human1_lib3.final_cell_0650
1848,human1_lib3.final_cell_0651
1849,human1_lib3.final_cell_0652
1850,human1_lib3.final_cell_0653
1851,human1_lib3.final_cell_0654
1852,human1_lib3.final_cell_0655
1853,human1_lib3.final_cell_0656
1854,human1_lib3.final_cell_0657
1855,human1_lib3.final_cell_0658
1856,human1_lib3.final_cell_0659
1857,human1_lib3.final_cell_0660
1858,human1_lib3.final_cell_0661
1859,human1_lib3.final_cell_0662
1860,human1_lib3.final_cell_0663
1861,human1_lib3.final_cell_0664
1862,human1_lib3.final_cell_0665
1863,human1_lib3.final_cell_0666
1864,human1_lib3.final_cell_0667
1865,human1_lib3.final_cell_0668
1866,human1_lib3.final_cell_0669
1867,human1_lib3.final_cell_0670
1868,human1_lib3.final_cell_0671
1869,human1_lib3.final_cell_0672
1870,human1_lib3.final_cell_0673
1871,human1_lib3.final_cell_0674
1872,human1_lib3.final_cell_0675
1873,human1_lib3.final_cell_0676
1874,human1_lib3.final_cell_0677
1875,human1_lib3.final_cell_0678
1876,human1_lib3.final_cell_0679
1877,human1_lib3.final_cell_0680
1878,human1_lib3.final_cell_0681
1879,human1_lib3.final_cell_0682
1880,human1_lib3.final_cell_0683
1881,human1_lib3.final_cell_0684
1882,human1_lib3.final_cell_0685
1883,human1_lib3.final_cell_0686
1884,human1_lib3.final_cell_0687
1885,human1_lib3.final_cell_0688
1886,human1_lib3.final_cell_0689
1887,human1_lib3.final_cell_0690
1888,human1_lib3.final_cell_0691
1889,human1_lib3.final_cell_0692
1890,human1_lib3.final_cell_0693
1891,human1_lib3.final_cell_0694
1892,human1_lib3.final_cell_0695
1893,human1_lib3.final_cell_0696
1894,human1_lib3.final_cell_0697
1895,human1_lib3.final_cell_0698
1896,human1_lib3.final_cell_0699
1897,human1_lib3.final_cell_0700
1898,human1_lib3.final_cell_0701
1899,human1_lib3.final_cell_0702
1900,human1_lib3.final_cell_0703
1901,human1_lib3.final_cell_0704
1902,human1_lib3.final_cell_0705
1903,human1_lib3.final_cell_0706
1904,human1_lib3.final_cell_0707
1905,human1_lib3.final_cell_0708
1906,human1_lib3.final_cell_0709
1907,human1_lib3.final_cell_0710
1908,human1_lib3.final_cell_0711
1909,human1_lib3.final_cell_0712
1910,human1_lib3.final_cell_0713
1911,human1_lib3.final_cell_0714
1912,human1_lib3.final_cell_0715
1913,human1_lib3.final_cell_0716
1914,human1_lib3.final_cell_0717
1915,human1_lib3.final_cell_0718
1916,human1_lib3.final_cell_0719
1917,human1_lib3.final_cell_0720
1918,human1_lib3.final_cell_0721
1919,human1_lib3.final_cell_0722
1920,human1_lib3.final_cell_0723
1921,human1_lib3.final_cell_0724
1922,human1_lib3.final_cell_0725
1923,human1_lib3.final_cell_0726
1924,human1_lib3.final_cell_0727
1925,human1_lib3.final_cell_0728
1926,human1_lib3.final_cell_0729
1927,human1_lib3.final_cell_0730
1928,human1_lib3.final_cell_0731
1929,human1_lib3.final_cell_0732
1930,human1_lib3.final_cell_0733
1931,human1_lib3.final_cell_0734
1932,human1_lib3.final_cell_0735
1933,human1_lib3.final_cell_0736
1934,human1_lib3.final_cell_0737
1935,human1_lib3.final_cell_0738
1936,human1_lib3.final_cell_0739
1937,human1_lib3.final_cell_0740
