,V1
1,CLPS
2,CPB1
3,MT1G
4,REG3A
5,COL1A2
6,MMP1
7,CRP
8,CELA3B
9,CELA3A
10,CPA1
11,PNLIP
12,DUOXA2
13,COL1A1
14,CPA2
15,SPARC
16,PRSS3
17,THBS1
18,TIMP3
19,COL3A1
20,REG1B
21,PNLIPRP1
22,LUM
23,CCL2
24,PRSS1
25,SFRP2
26,GP2
27,CTRC
28,FN1
29,PRSS3P2
30,BICC1
31,NPY
32,CTRB2
33,OLFM4
34,LYZ
35,PLA2G1B
36,TCN1
37,ALB
38,REG3G
39,MMP2
40,CELA2A
41,PNLIPRP2
42,MMP7
43,GHRL
44,AMY2A
45,CTRB1
46,C3
47,TGFBI
48,SERPINE1
49,CFB
50,CEACAM7
51,SPP1
52,CEACAM6
53,BGN
54,ANKRD36C
55,CD93
56,IGFBP5
57,CRYAB
58,ADH1C
59,PIGR
60,WNT5A
61,ANXA1
62,ESM1
63,SPINK1
64,FLT1
65,SLC25A34
66,VCAN
67,MT1H
68,TNFAIP6
69,LAPTM5
70,STC1
71,AXL
72,POSTN
73,CYP1A1
74,RNASE1
75,CELA2B
76,PLVAP
77,ALDOB
78,CPA3
79,ENG
80,DCN
81,DUOX2
82,ESAM
83,GPNMB
84,APCS
85,PODXL
86,ADAMTS4
87,ZNF177
88,VWF
89,IGFBP3
90,THBS2
91,LCN2
92,TNFAIP2
93,ANPEP
94,CP
95,ITGA2
96,KRT17
97,GDF15
98,DEPP1
99,CXCL1
100,ADGRL4
101,LGALS2
102,RGCC
103,MT2A
104,CRISPLD2
105,KIT
106,PLPP3
107,ALOX5AP
108,CD74
109,LGALS1
110,KRT19
111,CALCRL
112,FCER1G
113,ZNF442
114,CXCL6
115,HLA.DRA
116,HPGDS
117,KAT14
118,RGS5
119,PECAM1
120,FGG
121,CCL20
122,FMOD
123,REG1A
124,CTGF
125,CLDN2
126,COL4A1
127,BCL6B
128,MMP10
129,KRT7
130,THBD
131,INHBA
132,RBMS3
133,TGFBR1
134,CD36
135,AMBP
136,MSC.AS1
137,CCDC9B
138,CXCL8
139,IGDCC4
140,SERPINB2
141,DLK1
142,DEFB1
143,PASK
144,TGFB3
145,UCA1
146,FGB
147,IAPP
148,AL627309.3
149,RARRES2
150,NEAT1
151,PDK4
152,SST
153,AP003469.4
154,SNAI2
155,VCAM1
156,HMOX1
157,ISLR
158,PLIN1
159,CTSK
160,SOD2
161,RND3
162,AC145207.5
163,C1QB
164,CD34
165,ZNF625.ZNF20
166,ZNF224
167,ZNF165
168,WASHC5
169,CEL
170,KDR
171,ANGPTL4
172,NAXD
173,CUZD1
174,RBP4
175,SERPINA3
176,CTXND1
177,ADGRF5
178,ESR1
179,SFTPA1
180,PAIP2B
181,AADAC
182,HS3ST3B1
183,HSD11B1
184,AFAP1L1
185,CXCR4
186,C1QC
187,PRDM1
188,RFPL3S
189,RGS1
190,EBF1
191,HCK
192,ITGA5
193,SHLD2
194,LHFPL6
195,NECTIN4
196,CFTR
197,AQP1
198,THY1
199,S1PR1
200,ERG
201,GIMAP4
202,ROBO4
203,MUC3A
204,JAK3
205,RUNX2
206,C1QA
207,SERPINB7
208,BUB1
209,RCAN1
210,TPSAB1
211,PSG9
212,SAMSN1
213,PUDP
214,APOBEC3B
215,FGF19
216,BCAT1
217,FABP4
218,EGR2
219,UNC5D
220,CYP17A1
221,TFPI2
222,PDGFRB
223,SHISAL1
224,MMP11
225,SPON2
226,F3
227,CTSV
228,ENTR1
229,CDH19
230,IGFBP4
231,WDCP
232,DHRS3
233,GRIA4
234,PREX2
235,DHRS9
236,A2M
237,TINAGL1
238,PHETA2
239,BRS3
240,CPA4
241,MINDY4
242,STRA6
243,TTN
244,LINC01876
245,TOP2A
246,ADAM20
247,CENPF
248,FIBIN
249,CDH6
250,AKR1B10
251,ZNF211
252,UGCG
253,FAS
254,AC005224.3
255,AL356489.2
256,RFLNB
257,CTAGE8
258,ZNF845
259,TMEM273
260,ANKRD1
261,FGA
262,CDH11
263,TCF4
264,NSG2
265,NEXMIF
266,CXCL3
267,ZNF439
268,AL591379.1
269,PDZRN4
270,ICAM1
271,KYNU
272,B3GAT2
273,C10orf10
274,GPRC5A
275,PTPRB
276,PFKFB2
277,PI3
278,TCIM
279,PLPPR4
280,CXCL17
281,CLIC2
282,FAM156B
283,EXPH5
284,MSTO1
285,PRSS37
286,KLK1
287,ZFHX4
288,IGSF11
289,CTRL
290,EMCN
291,RTL10
292,UBD
293,AP003086.1
294,ZNF547
295,GRAP
296,MCAM
297,CARTPT
298,COL6A3
299,MUC1
300,TICAM2
301,DKK3
302,ADA2
303,ADORA2A
304,LIMS4
305,KRT23
306,AC078850.1
307,IL11
308,JPT2
309,CD300A
310,RIC1
311,HSPA6
312,AGO1
313,SRPX2
314,OR13A1
315,COL8A1
316,SLPI
317,ZNF616
318,DNMT3B
319,ZNF256
320,ASPN
321,MT1M
322,GADD45B
323,INTS14
324,AC005692.1
325,SHISAL2B
326,TVP23C.CDRT4
327,PCDHAC2
328,LAMA4
329,ZKSCAN2
330,TH
331,TAF4B
332,C7
333,PYY
334,AC012313.5
335,LOXL2
336,LOC100506281
337,MEF2C
338,LEFTY1
339,VAMP7
340,ZNF420
341,DNAAF5
342,KBTBD8
343,LHX4
344,FAM111A.DT
345,IL6
346,RIOX2
347,AC138696.1
348,ZNF783
349,LTB
350,LRRC32
351,TACSTD2
352,DCX
353,OLFML2B
354,TM4SF18
355,TEK
356,PPP1R3C
357,RNF152
358,BMPR1B
359,TNF
360,BLOC1S1.RDH5
361,PDLIM3
362,HMGCS2
363,SYCN
364,NID2
365,ANXA2
366,PTPRZ1
367,MUC6
368,NPEPL1
369,DDR2
370,IGSF9B
371,ADGRG6
372,TESC.AS1
373,TMTC2
374,ADGRF1
375,LINC02532
376,GATB
377,SERINC2
378,SULF1
379,TIMP1
380,AC091132.3
381,CLEC14A
382,ZNF285
383,NUAK1
384,SLC2A3
385,TYROBP
386,WISP1
387,SPARCL1
388,CD44
389,MINDY1
390,ZFP37
391,PTGDS
392,AL391244.1
393,SDPR
394,SERPING1
395,OXGR1
396,FRMD5
397,LAMC3
398,C6orf222
399,ZNF433
400,TMED8
401,TAC1
402,GPR34
403,AP000911.3
404,INSR
405,CD53
406,AC135178.2
407,ALDH1A3
408,C6orf58
409,F2RL3
410,SOX10
411,PXDN
412,PLA2G4A
413,PLPP4
414,RMC1
415,ACKR3
416,DLL4
417,ZNF17
418,CYP2C9
419,ZNF596
420,ICAM2
421,ZNF227
422,EDA2R
423,LINC00342
424,CDCA8
425,UTP25
426,ARMH4
427,PALM2.AKAP2
428,WASHC2A
429,CXCL2
430,MAMDC2
431,DRAIC
432,GPX2
433,ELTD1
434,LDAH
435,PDPN
436,ZNF502
437,CAV1
438,ANXA10
439,PRICKLE2
440,KIF26B
441,PTPRE
442,MGAT4C
443,HAPLN4
444,DCAF1
445,ADCYAP1
446,KIRREL1
447,CNTNAP2
448,CES1
449,ITGB1.DT
450,PLIN2
451,RUNX1
452,ZP1
453,SERPINA5
454,ST6GALNAC3
455,PDE1A
456,COL15A1
457,NEMP1
458,C1S
459,LINC01915
460,PRELP
461,HRH2
462,FABP5
463,BMP6
464,SEMA3C
465,CYREN
466,MT1E
467,AC245033.1
468,CHI3L1
469,CCDC80
470,AC016820.1
471,PPY
472,TAGLN
473,SOCS1
474,OASL
475,CPM
476,AC005082.1
477,IFITM1
478,GASAL1
479,ZBTB26
480,ANKRD30B
481,AC107068.1
482,IFI27
483,ZNF30
484,CASTOR1
485,B3GNT7
486,LIN7A
487,AC139491.2
488,AKAP3
489,LMNB1
490,EMR2
491,CHST4
492,CEMIP2
493,SDR16C5
494,LINC01886
495,TF
496,FRMD6
497,WSCD2
498,IGFL2
499,CDH5
500,AC007952.2
501,PCDH12
502,KLHL31
503,RGS2
504,BMT2
505,TMEM204
506,CABCOCO1
507,AGT
508,ACVRL1
509,TPX2
510,GAB3
511,AF127577.4
512,OR2A7
513,PENK
514,BLM
515,ANXA13
516,MFAP4
517,PIEZO2
518,MYCT1
519,PCK1
520,ZNF93
521,MGP
522,AC012354.1
523,S1PR5
524,CIP2A
525,TAS2R4
526,LRP4
527,TMEM26
528,INTS13
529,MCTP1
530,CHODL
531,NELL2
532,CCNE2
533,LINC01567
534,UTP4
535,LINC01711
536,POTEJ
537,AC105052.3
538,TM4SF1
539,HLA.DQA1
540,B3GLCT
541,PTGS1
542,ZDHHC11B
543,P2RY6
544,KCTD14
545,SDCBP2
546,AC084809.2
547,HDHD5
548,COP1
549,PTPRG
550,EVI2B
551,KMO
552,TGM2
553,WDR35
554,RTL5
555,AKAP12
556,SRPRA
557,DGKI
558,CILP
559,ZNF155
560,IL13RA2
561,LAMA2
562,CCNB1
563,PLPP6
564,PLXDC1
565,AIF1
566,FGL1
567,ZNF112
568,GCN1
569,ECSCR
570,AURKB
571,CAVIN1
572,CTSE
573,LINC02432
574,ZNF546
575,ABI3
576,AC079466.1
577,SDC4
578,KIF15
579,PPARG
580,AC012615.1
581,SERPINI2
582,IL33
583,LINC02029
584,PMP22
585,CDH13
586,SERPINH1
587,C1orf167
588,AL592490.1
589,COLGALT1
590,DUSP6
591,PEX5L
592,RASSF2
593,PDZK1IP1
594,SGK1
595,PGGHG
596,TOMM70
597,LCP1
598,HHATL
599,LAMP5
600,HRK
601,AC011815.1
602,CALD1
603,TMEFF2
604,FAM43A
605,CX3CR1
606,STN1
607,TREM1
608,NAMPT
609,ZNF14
610,ADGRL2
611,KPNA7
612,PAX4
613,CPT1B
614,TMEM94
615,VSIG4
616,LTBP1
617,ENTPD3
618,AC008758.1
619,CYBB
620,AREG
621,AEBP1
622,AC108062.1
623,ZNF391
624,C10orf128
625,LINC00877
626,NIM1K
627,ASB15
628,PCDH8
629,ZMAT4
630,ITGB2
631,BHMT
632,HAS2
633,INSYN2
634,BCO1
635,AKAP2
636,VWA3B
637,KCND3
638,AL049775.1
639,LINC01569
640,C8B
641,OTUD3
642,LINC01885
643,ANGPT2
644,EIPR1
645,ZNF337
646,MKI67
647,WDR31
648,LINC00852
649,LINC00205
650,HEYL
651,HLA.DPA1
652,ENC1
653,AC092279.1
654,VSIG10
655,SOX4
656,NKX2.3
657,TOGARAM1
658,BMP5
659,PLAU
660,COQ8A
661,SIGLEC6
662,CHI3L2
663,ZFP57
664,ZFP2
665,TSPAN8
666,GATM
667,KCNN2
668,WNT3
669,TACR1
670,PDIA2
671,ARL17B
672,EEF1AKMT3
673,ZKSCAN4
674,HYAL4
675,COMP
676,ZNF812P
677,RFFL
678,AL512625.1
679,TNR
680,PLPP2
681,ARRDC3
682,NTS
683,GPR183
684,PLP1
685,BCL2A1
686,ZNF816
687,PTTG1
688,INTS6L
689,SLAMF7
690,LRRN3
691,SYNDIG1L
692,POLR2M
693,PLCE1
694,GPAT3
695,VMP1
696,ABRAXAS2
697,SPATA13.1
698,ENPEP
699,PKIA.AS1
700,FBLN2
701,ACAD11
702,ZFP62
703,KLHL32
704,IL3RA
705,FBH1
706,AMIGO1
707,LINC01705
708,MMP3
709,AK4
710,AC244021.1
711,ASPM
712,AC010889.1
713,IL32
714,GATA3
715,MYOSLID
716,ADGRG5
717,LINC00494
718,ADAMTS5
719,AC002511.1
720,MYRIP
721,SLC2A2
722,COL5A1
723,AC118549.1
724,NSD2
725,SLC3A1
726,SELPLG
727,MAB21L4
728,CCNB2
729,FILIP1
730,CDH18
731,AFG1L
732,OSR2
733,SQOR
734,C1QTNF7
735,ITGA1
736,ZNF521
737,ZNF605
738,RSAD2
739,ERMN
740,DUBR
741,ELOVL6
742,FNDC10
743,NAA80
744,IL23R
745,CDRT4
746,LECT1
747,C18orf54
748,DLC1
749,PHC1
750,MGAM2
751,PKD1L1
752,LARGE2
753,LTBP2
754,POLR1B
755,ACY1
756,LRRC7
757,PMP2
758,COL4A2
759,MTERF1
760,IFI16
761,AFAP1L2
762,PLA2G7
763,PWRN2
764,GPR171
765,AC123912.4
766,ADAMTS9
767,DCP2
768,AL365226.2
769,AC091167.2
770,CIT
771,KCNJ2
772,LINC01586
773,LINC00365
774,POTEI
775,CCNB3
776,PRG4
777,YJU2
778,SORCS1
779,DCAF4L1
780,ADAMTSL4
781,AC011978.2
782,LINC02101
783,DMAC2
784,AC120036.4
785,AC022762.2
786,EFS
787,AC112229.3
788,KRT18
789,RGS16
790,PRIM2
791,PPFIBP2
792,GPR65
793,AC007406.3
794,DUSP13
795,CRB1
796,LINC02265
797,MXRA8
798,SLC30A4
799,CARD16
800,ZFY
801,MT1X
802,KANK4
803,FBLN1
804,UGT2B4
805,ZBTB40
806,CNTN6
807,ADGRL1
808,AC004540.1
809,MFHAS1
810,CCDC102B
811,PCNX4
812,AKR1C2
813,AC113615.1
814,PIP4P1
815,AC108488.1
816,CRISP3
817,LINC00886
818,AGBL2
819,RETREG3
820,HSPA12A
821,SYNC
822,BNC2
823,COL5A2
824,KIF23
825,AC003965.1
826,SLIT2
827,CYB5D1
828,AC092835.1
829,SPART
830,RGS13
831,ARHGAP31
832,NPIPB11
833,UTP20
834,AQP8
835,CAMKV
836,HRAT92
837,NID1
838,AQP3
839,ZNF491
840,SLF1
841,COL6A2
842,FOLR1
843,ARMT1
844,KCTD16
845,NECTIN3
846,LNPK
847,FOCAD
848,MRC2
849,TRIM63
850,KRT40
851,ARHGEF6
852,AC027031.2
853,TMEM154
854,ZNF441
855,PLPPR5
856,MET
857,LINC01619
858,RNF183
859,ZNF514
860,AC132872.1
861,AMICA1
862,GAST
863,RBPJL
864,ZNF577
865,AC002511.2
866,PTPRC
867,MFSD4A
868,AL078604.2
869,GSTT2
870,PARPBP
871,AC092375.2
872,TRMO
873,GREM1
874,PRXL2B
875,LOC285629
876,ZNF253
877,GRAMD2B
878,AL157373.2
879,PGBD1
880,TRIM55
881,EBF3
882,KLF9
883,TUSC8
884,AC017071.1
885,MLH3
886,ACPP
887,MPZL3
888,FAM219B
889,VWA8.AS1
890,USP51
891,MSANTD3.TMEFF1
892,EZH2
893,TFF2
894,RELCH
895,AC106869.1
896,ZNF268
897,SHLD3
898,OTULINL
899,PCDHGB4
900,MFNG
901,MAIP1
902,DIO2
903,AC105277.1
904,ACP5
905,PAG1
906,MRTFA
907,RANBP17
908,FAM49A
909,ZNF233
910,KCNH8
911,CFAP410
912,ADAMTSL1
913,AC007656.1
914,AC008752.2
915,MAFTRR
916,AC103808.1
917,INCA1
918,SHLD1
919,PEAR1
920,TMEM268
921,GALNT4
922,AP002884.4
923,LARGE1
924,CD5
925,JAM2
926,OGN
927,UBQLN4
928,VWC2L
929,GDNF
930,AC093010.3
931,PRSS42
932,NMUR2
933,CDHR1
934,RGS7BP
935,F2
936,AKR1C3
937,VNN3
938,PCNX1
939,FOXS1
940,LCN10
941,DHFR2
942,ARHGDIB
943,AL512310.2
944,ITGB7
945,GTDC1
946,GRIN2A
947,WSCD1
948,CDCA3
949,C10orf113
950,AL356740.1
951,HMMR
952,KYAT1
953,FBN1
954,MRM3
955,DYSF
956,AC093752.2
957,DMBT1
958,UBE2C
959,LINC01664
960,CENPE
961,LAMC2
962,TFCP2L1
963,COLEC11
964,ZNF124
965,ZNF440
966,GOLGA8R
967,RN7SKP176
968,FLI1
969,YOD1
970,CORO1A
971,TMEM225B
972,LGALS4
973,INAVA
974,NEPRO
975,DGKG
976,SPOCD1
977,PPIP5K1
978,BTK
979,CLDN20
980,DOP1B
981,PRKG2
982,DGKB
983,AC010422.6
984,RIPOR1
985,ZNF20
986,DNAJB7
987,SLC7A11
988,KLHL41
989,GPRC5B
990,NREP
991,CRYGD
992,ZACN
993,PTPN20
994,VPS50
995,SYT8
996,PDGFRA
997,ITPRID2
998,MTERF2
999,MCTP2
1000,CSNK2A2
1001,ZNF624
1002,SRR
1003,CPZ
1004,ADGRV1
1005,AC083837.1
1006,CD48
1007,PRSS8
1008,FES
1009,TENT5A
1010,EMP1
1011,F2RL2
1012,ZSCAN5A
1013,ATF3
1014,AC087392.1
1015,AC090510.1
1016,ZFP36L1
1017,PSG5
1018,TMEM250
1019,TRIM29
1020,IDO1
1021,REXO5
1022,BICRAL
1023,C3orf35
1024,HELB
1025,GLDC
1026,TRIM31
1027,IL4I1
1028,PWRN4
1029,AL359694.2
1030,PLEK
1031,ZNF841
1032,SCARA3
1033,WDR63
1034,FZD4
1035,AL391684.1
1036,PSG4
1037,CD8A
1038,NCAPD2
1039,ADGRA3
1040,ZNF836
1041,AC093274.1
1042,MMP16
1043,C1R
1044,FNDC1
1045,AC073508.2
1046,HSD17B2
1047,ARFGEF3
1048,ACMSD
1049,PCDH18
1050,SLC35F1
1051,GPRC5D
1052,PAPPA.AS1
1053,ZNF699
1054,CLDN4
1055,IGSF6
1056,RGL1
1057,ZNF559
1058,EDN3
1059,C15orf54
1060,AC023813.3
1061,AC023481.1
1062,CDK3
1063,MAP6D1
1064,MMRN2
1065,PGBD4
1066,NKRF
1067,KCNK2
1068,HENMT1
1069,AF038458.2
1070,LPL
1071,ADAMTS12
1072,LINC01139
1073,SPATA9
1074,ERO1B
1075,ZSCAN20
1076,AC008393.1
1077,NFATC2
1078,HTRA3
1079,CEP152
1080,AMIGO2
1081,PDE1C
1082,TTLL9
1083,LINC00960
1084,CXorf67
1085,FANCI
1086,RGPD8
1087,CFAP57
1088,ZFP1
1089,KRT6B
1090,MINDY3
1091,ANKRD34C
1092,DACT1
1093,FSD2
1094,BPIFC
1095,FSCB
1096,EFL1
1097,CDR1
1098,AL590302.2
1099,RORB
1100,SPOUT1
1101,SELE
1102,SGPL1
1103,TAS2R31
1104,TAS2R14
1105,SYCP2
1106,FAAP100
1107,PARD6G.AS1
1108,SRGN
1109,DCDC1
1110,ENDOD1
1111,SMIM10L2B
1112,SPAG6
1113,AC091544.4
1114,WNK3
1115,TMEM132B
1116,CD248
1117,HEY2
1118,ABCC2
1119,AC026461.3
1120,FSBP
1121,AC079193.2
1122,KRTAP2.3
1123,FFAR3
1124,CNMD
1125,LINC02388
1126,CDK1
1127,SYTL5
1128,PCDHA7
1129,ZNF443
1130,ASF1B
1131,APOD
1132,CSF2RB
1133,PCDHGA8
1134,AC092118.1
1135,USP53
1136,PTPRR
1137,ADCY4
1138,CASC9
1139,C4BPA
1140,PHEX
1141,ZEB2
1142,APOE
1143,ZNF286A
1144,CLDN22
1145,ZNF697
1146,CDC20
1147,GABRA1
1148,LOXL3
1149,RNF113B
1150,AL627309.1
1151,ZNF675
1152,SYS1.DBNDD2
1153,VIRMA
1154,HSPA1L
1155,PNMA8A
1156,GCSAM
1157,XG
1158,AKR1C1
1159,ZNF28
1160,GZMB
1161,RAD54L
1162,AC079594.2
1163,SLFN11
1164,CFAP70
1165,AC005324.3
1166,ELP1
1167,ZBTB25
1168,TRPM2
1169,AC107982.3
1170,ZNF701
1171,FAM234A
1172,PIK3R5
1173,GATA1
1174,LANCL3
1175,MYBPHL
1176,FAM200A
1177,PAMR1
1178,AL160313.1
1179,AC009093.1
1180,AC009404.1
1181,LRRTM4
1182,AL590399.5
1183,CCL26
1184,DMRTC1B
1185,EDNRB
1186,TMSB15A
1187,AKAP5
1188,TBC1D25
1189,ST3GAL5.AS1
1190,FSIP1
1191,LINC01106
1192,MS4A7
1193,NGFR
1194,GRM1
1195,DEUP1
1196,ZNF132
1197,ZNF135
1198,CALR3
1199,GPR116
1200,DOP1A
1201,CAPN13
1202,FST
1203,HAVCR1
1204,LOC100507634
1205,CCDC147
1206,RASL12
1207,ZNF343
1208,CDCA2
1209,ATAD2
1210,PHKA1
1211,HNRNPH2
1212,ANO5
1213,VTCN1
1214,CHL1
1215,C1orf74
1216,GSTA2
1217,CD160
1218,AP001372.2
1219,ZFP82
1220,RNFT1.DT
1221,P2RY14
1222,FAM177B
1223,SERPINA4
1224,C2orf27A
1225,IL18R1
1226,CSKMT
1227,SLC5A11
1228,AMPH
1229,SNAI1
1230,NCAPH
1231,STK4.AS1
1232,BIRC3
1233,RPH3A
1234,FAT1
1235,ADAM12
1236,ADM
1237,ZNF569
1238,PPP1R36
1239,DIAPH3
1240,HTR2B
1241,SAXO2
1242,ADORA2B
1243,CSF1R
1244,AC138915.3
1245,HDGFL3
1246,CFAP61
1247,LOC100129203
1248,WNT7A
1249,AC010132.3
1250,PLPPR2
1251,SLCO1A2
1252,AL354740.1
1253,ELK3
1254,LMO3
1255,PAPPA
1256,ZNF816.ZNF321P
1257,PLCB4
1258,USP9Y
1259,GOLGA6L9
1260,GPM6A
1261,GLT8D2
1262,TIMP4
1263,LINC01376
1264,CYP1B1
1265,KCNG3
1266,GMDS.DT
1267,ADGRA1
1268,LIMS2
1269,ZNF813
1270,GIMAP5
1271,AC092384.1
1272,EDNRA
1273,ANO7
1274,GPR87
1275,HSD17B6
1276,CEACAM5
1277,GSTA1
1278,PMEPA1
1279,HAPLN3
1280,C2orf66
1281,STAB1
1282,TXNDC5
1283,SPDL1
1284,BTG2
1285,STIMATE
1286,SPAG17
1287,PLGLB2
1288,CARNS1
1289,ACVR1
1290,BDKRB1
1291,GRK3
1292,CTNNA3
1293,MFAP3L
1294,PRODH
1295,FREM3
1296,TNFSF4
1297,H19
1298,METTL27
1299,MARF1
1300,AP003559.1
1301,KIAA0408
1302,GXYLT2
1303,TNFAIP8L2
1304,CAPN3
1305,CNGA3
1306,C9orf43
1307,PPP4R1L
1308,PRKCA
1309,GLCE
1310,CLIC5
1311,CACHD1
1312,ERP27
1313,FASTKD5
1314,TENT5C
1315,ABCA1
1316,POPDC2
1317,AC055758.2
1318,ALAS2
1319,LOXL4
1320,TLR4
1321,SAA1
1322,ZNF468
1323,MATK
1324,AC073655.2
1325,FGFBP1
1326,SDR42E1
1327,LINC01123
1328,BCHE
1329,INSM2
1330,ZNF763
1331,PCNX3
1332,AC116096.1
1333,SERPINA1
1334,PRRX1
1335,HEPH
1336,LOX
1337,CCNT1
1338,UACA
1339,LUZP2
1340,NAB2
1341,KLHL2
1342,LINC00635
1343,ZNF331
1344,KLHL4
1345,FAM19A2
1346,CNTN5
1347,ARMH3
1348,ZUP1
1349,AP003486.1
1350,CDKN1C
1351,SLC30A2
1352,BBOF1
1353,ZNF134
1354,ZSCAN32
1355,TESPA1
1356,ADGRE5
1357,SLA
1358,NFIL3
1359,AC010327.4
1360,SCN2A
1361,ZNF682
1362,RAI14
1363,LINC02542
1364,TIGAR
1365,ZNF611
1366,JHY
1367,ZBED6CL
1368,SLC2A9
1369,DHX58
1370,CDK15
1371,EDN2
1372,RIBC1
1373,CCDC189
1374,HESX1
1375,ZNF831
1376,CEP295
1377,ZDHHC23
1378,FXYD2
1379,HEATR1
1380,THSD1
1381,UNC5B.AS1
1382,CDKL5
1383,LRRC8C
1384,BMPER
1385,PAPPA2
1386,ZNF721
1387,IGFLR1
1388,TAS2R10
1389,NRP1
1390,ARHGEF15
1391,CD52
1392,HAS3
1393,FAM184A
1394,RBSN
1395,SUSD6
1396,FSTL1
1397,ZNF772
1398,SEMA6D
1399,NME9
1400,RUNX3
1401,ZNF234
1402,FAM126A
1403,ECM1
1404,PLAT
1405,BANK1
1406,SLC25A6
1407,ZRSR2P1
1408,PSCA
1409,ITGA6
1410,ZNF571
1411,LEMD1
1412,FPGT.TNNI3K
1413,LINC01843
1414,C2orf16
1415,SOX11
1416,ZNF670.ZNF695
1417,NUP50.DT
1418,CNN1
1419,ARID5B
1420,MTTP
1421,THAP12
1422,ESS2
1423,GPR52
1424,USP54
1425,GPR61
1426,PRUNE1
1427,OIT3
1428,ZNF792
1429,MAK16
1430,TTL
1431,NOMO2
1432,SGCD
1433,AC007370.2
1434,ZNF879
1435,TRIM62
1436,LINC01560
1437,TRAF3IP3
1438,GJA4
1439,DENND5A
1440,ZIM2
1441,ITGB3
1442,CAVIN3
1443,CERS3
1444,MS4A2
1445,MEGF11
1446,NNMT
1447,NUDT10
1448,MGST1
1449,TMEM131L
1450,SCN5A
1451,ZNF223
1452,C4B
1453,NLRP9
1454,C3orf70
1455,AHSA2P
1456,VPS35L
1457,ETV5
1458,ACTA1
1459,CFH
1460,CD300LF
1461,AP001266.2
1462,TSPAN18
1463,AL590399.1
1464,KIFC1
1465,SLC9A9
1466,BORCS5
1467,IFI30
1468,LRTM1
1469,AC012313.4
1470,NECTIN2
1471,HLA.DMB
1472,UBASH3B
1473,CA3
1474,COL14A1
1475,SAT1
1476,CA10
1477,LOC101593348
1478,PPARGC1B
1479,ZNF572
1480,SEMA3A
1481,PTGES3L.AARSD1
1482,ACKR4
1483,LZTS1
1484,TRPS1
1485,ZNF136
1486,AC007342.5
1487,AC008982.1
1488,REPS2
1489,RBM14.RBM4
1490,DRD2
1491,FAM234B
1492,C8orf48
1493,ANKRD35
1494,AGO4
1495,BORCS6
1496,TNNI3K
1497,DDIT4
1498,RPA4
1499,TKFC
1500,NPTX1
1501,DTL
1502,SNX16
1503,MISP3
1504,XIST
1505,CENPS
1506,TRANK1
1507,ABCG2
1508,AC017002.3
1509,ATP8A2
1510,GPM6B
1511,AC026150.1
1512,CDK8
1513,C17orf53
1514,AC005261.3
1515,ANXA3
1516,PIK3CB
1517,AL033504.1
1518,PTCHD4
1519,NHS
1520,AC104825.1
1521,RHOF
1522,TENT5B
1523,LRRTM3
1524,ASAH2B
1525,SHISA2
1526,ANKRD33
1527,ZNF225
1528,HIST1H2BG
1529,SSC4D
1530,ZNF367
1531,GRID1
1532,GPR4
1533,IL2RG
1534,LIG3
1535,LINC01497
1536,PRMT9
1537,DOCK10
1538,LAMB3
1539,EP400P1
1540,SPTBN5
1541,CD8B
1542,AC015813.1
1543,SLC10A5
1544,LINGO4
1545,DCAF4
1546,POC1B.GALNT4
1547,AL162595.1
1548,ALOX5
1549,SOCS2
1550,TMEM233
1551,APOLD1
1552,TENT2
1553,LRRC19
1554,C16orf71
1555,BRCA2
1556,AC024361.2
1557,PTHLH
1558,GABRE
1559,MSN
1560,TCF19
1561,TM6SF2
1562,S100A9
1563,KIF20A
1564,LINC00951
1565,LTF
1566,AL590094.1
1567,KDM4A
1568,SLC25A48
1569,AL513548.1
1570,CCR1
1571,MYBL2
1572,CLBA1
1573,TRAIP
1574,C1QTNF5
1575,PCDHGB7
1576,ELMSAN1
1577,CST2
1578,APAF1
1579,ZNF57
1580,DEPDC7
1581,WDR44
1582,AC096677.2
1583,SASH3
1584,TPST2
1585,ZNF573
1586,AC104794.2
1587,TXLNA
1588,HSPB1
1589,AC090204.1
1590,CLDN11
1591,FCGR2A
1592,PDE2A
1593,CA4
1594,ZNF550
1595,NAV3
1596,RAB34
1597,BRINP2
1598,PSG3
1599,ZNF221
1600,CDH20
1601,LAG3
1602,AC005920.3
1603,ZNF77
1604,ATP23
1605,RFTN2
1606,GLRA1
1607,C4A
1608,CALCA
1609,ZNF438
1610,TRIM69
1611,MIP
1612,CLDN18
1613,CPXM1
1614,MYBL1
1615,ZBTB39
1616,AC073912.1
1617,GUCY1B1
1618,Z68871.1
1619,SLC25A37
1620,DCST2
1621,ZNF630
1622,MELTF
1623,PMF1.BGLAP
1624,RTTN
1625,DPF3
1626,ZNF709
1627,RTL6
1628,ARHGAP19
1629,LONRF3
1630,AC012555.1
1631,AQP12B
1632,MCC
1633,TRERF1
1634,ECM2
1635,PZP
1636,KRT5
1637,LINC01140
1638,KRT8
1639,FGL2
1640,AC124944.3
1641,PJVK
1642,ARMH1
1643,KIF1BP
1644,ERBIN
1645,CERS1
1646,DAO
1647,PON1
1648,COL4A3
1649,ZNF23
1650,TMEM178A
1651,TTTY10
1652,LINC01355
1653,TRIM71
1654,CA12
1655,ETV3
1656,EEF2KMT
1657,CPNE5
1658,PCDHA8
1659,KTI12
1660,SPI1
1661,C5
1662,ANKHD1
1663,PCDHGA1
1664,MIR4453HG
1665,DMGDH
1666,MYRFL
1667,TWNK
1668,AP001885.1
1669,BEST3
1670,ANTXR1
1671,USH2A
1672,MRGPRF
1673,TTC5
1674,RAD51L3.RFFL
1675,ZNF765
1676,CENPO
1677,CCDC15
1678,RYR2
1679,MARCH10
1680,C4orf47
1681,S100A4
1682,NRG4
1683,ITGA9
1684,EGR3
1685,MEIS1.AS3
1686,GLP2R
1687,MYL9
1688,VWA8
1689,LRRN4
1690,SLC38A9
1691,ZNF852
1692,PXYLP1
1693,FAM241A
1694,LINC02321
1695,PINX1.1
1696,ZNF790
1697,PLPP1
1698,FKBP15
1699,MIR181A1HG
1700,GSTT2B
1701,ERO1A
1702,BX088651.4
1703,ZNF614
1704,PCDHA1
1705,SLAMF8
1706,IL16
1707,LDHA
1708,LINC00511
1709,LINC01115
1710,C22orf42
1711,GAREM2
1712,PHYHIP
1713,SYT1
1714,TPSB2
1715,PCDHA5
1716,FMO4
1717,C6orf99
1718,TTI2
1719,NALCN.AS1
1720,BMI1
1721,BX005266.2
1722,AC245884.8
1723,AL359317.2
1724,ZNF589
1725,ZNF235
1726,OMG
1727,ZNF625
1728,LINC02003
1729,ACE2
1730,TTC21A
1731,BUB1B
1732,OSER1.DT
1733,TGM1
1734,CRYBA2
1735,NLGN1
1736,SLC39A9
1737,DPH6.DT
1738,COX15
1739,ARRDC1.AS1
1740,RAD51
1741,APCDD1
1742,BNIP2
1743,RAB5IF
1744,NOV
1745,ATF7IP2
1746,HSD3B2
1747,ZNF133
1748,AOC1
1749,NTM
1750,HLA.DRB1
1751,TSHR
1752,IL1R2
1753,NFYA
1754,LINC01474
1755,LINC00571
1756,SLC1A3
1757,TLE6
1758,LINC00900
1759,MAST3
1760,EBI3
1761,OTC
1762,PLAUR
1763,AC007221.1
1764,CFC1
1765,SLC27A6
1766,AMER2
1767,RNASE6
1768,GABRA2
1769,MMRN1
1770,ZCCHC24
1771,ZNF860
1772,ZNF354C
1773,MSC
1774,ALG10
1775,IFIT2
1776,ZNF84
1777,AC090061.1
1778,ZNF432
1779,CLDN5
1780,PELI2
1781,ELOVL2
1782,PDE10A
1783,TRAF1
1784,LINC02257
1785,BDKRB2
1786,PNMA3
1787,TP53TG3D
1788,G6PC
1789,MAGED4B
1790,KIAA1551
1791,STOX1
1792,BIN2
1793,ZNF808
1794,SAMD14
1795,VGLL1
1796,CPNE4
1797,STK17B
1798,ZKSCAN5
1799,KLRC2
1800,GUCA2B
1801,VIPAS39
1802,CAMK1G
1803,ZNF33B
1804,KCNB1
1805,AP002990.1
1806,AMPD3
1807,JAKMIP3
1808,AC137932.3
1809,AC005304.1
1810,LINC02024
1811,PTP4A3
1812,SAMD9
1813,CD83
1814,FAM217A
1815,PCOLCE2
1816,AC079322.1
1817,TLDC1
1818,MUC5AC
1819,UBXN10
1820,PDZK1
1821,WDR86.AS1
1822,NKX3.1
1823,AC007731.3
1824,HLA.DQA2
1825,DUSP19
1826,GUCY2C
1827,FMO1
1828,AL356234.2
1829,PCDHA10
1830,SPRR2A
1831,ZNF473
1832,GRM3
1833,AC006504.1
1834,GAREM1
1835,ZFPM2
1836,GTF2IRD2
1837,SDK2
1838,LRRTM1
1839,GCNT4
1840,MSL3
1841,EPHA7
1842,TTC4
1843,HHAT
1844,MALRD1
1845,SGO1.AS1
1846,ZNF436.AS1
1847,FOXP2
1848,SNX27
1849,CYP4F12
1850,ATP5F1B
1851,CYB5R2
1852,RARB
1853,POU2F3
1854,LINC00691
1855,GPR89B
1856,ANGPTL7
1857,CHRNA3
1858,AC016582.1
1859,SFRP1
1860,SEMA5B
1861,G0S2
1862,NDP
1863,CENPM
1864,PIK3CG
1865,ZNF649
1866,MT1F
1867,NDUFA4L2
1868,CALB1
1869,GPR19
1870,KIF18A
1871,SCHIP1
1872,FAM19A1
1873,NFIB
1874,CHRNA1
1875,AL109807.1
1876,CALU
1877,GATA2
1878,AL035250.2
1879,PPAT
1880,ECEL1
1881,NFKBIA
1882,NCOA2
1883,HGH1
1884,AC021231.1
1885,DUS2
1886,TTC39C
1887,ZNF561.AS1
1888,STAC
1889,ZEB1
1890,UNC5C
1891,ATP6V1E2
1892,MYEOV
1893,LOC100128361
1894,HMCN1
1895,SEMA4F
1896,LOC158435
1897,TRIM59
1898,AZIN1.AS1
1899,HS6ST2
1900,AL356056.1
1901,NLE1
1902,ELOA
1903,GAS2L3
1904,AL359715.1
1905,GARNL3
1906,GPRASP2
1907,RRM2
1908,ADGRB3
1909,TBC1D13
1910,TMEM232
1911,SELENOI
1912,ZNF689
1913,WNT16
1914,RD3L
1915,STEAP1B
1916,PCNX2
1917,BIN3.IT1
1918,AC084859.1
1919,KCNAB3
1920,KCNT2
1921,CHORDC1
1922,AC011479.1
1923,ECPAS
1924,HECA
1925,HFM1
1926,AP005230.1
1927,IFIT1B
1928,MGC45922
1929,GPR62
1930,ANXA4
1931,FAM107A
1932,TM4SF5
1933,LEAP2
1934,AP000842.3
1935,SACS
1936,AL354977.1
1937,SATB1
1938,TAX1BP3
1939,LINC01963
1940,FLT3
1941,PCDHGA4
1942,ZNF284
1943,KNTC1
1944,INSRR
1945,BSCL2
1946,NCAPG2
1947,STK26
1948,PAXIP1.AS2
1949,LOC643201
1950,PATL2
1951,PPP3R2
1952,FNTB
1953,GABRA3
1954,EPHA4
1955,PRUNE2
1956,GLIS3.AS1
1957,TTC9B
1958,DCT
1959,WASHC2C
1960,AC012617.1
1961,SLC26A7
1962,CXorf36
1963,DGLUCY
1964,AL161621.1
1965,ZNF85
1966,NT5DC3
1967,SOX7
1968,AC012213.3
1969,AC006116.9
1970,HIST1H4H
1971,CLPSL1
1972,PMFBP1
1973,AP006621.3
1974,DUXAP10
1975,LINC01301
1976,OPCML
1977,CISH
1978,MPEG1
1979,ZNF300
1980,ALKAL2
1981,AP002495.1
1982,SLC28A1
1983,ZNF850
1984,RAB27B
1985,SMLR1
1986,GDPD5
1987,GALNT5
1988,PCDHA13
1989,JMJD7.PLA2G4B
1990,ZNF597
1991,AC008269.1
1992,AC079061.1
1993,PQLC2L
1994,DOCK2
1995,OPRK1
1996,ZNF878
1997,OPRPN
1998,NEMP2
1999,CCDC81
2000,TEPSIN
2001,AC132825.4
2002,AC021483.2
2003,PP2D1
2004,LILRB4
2005,AC108935.1
2006,ZNF91
2007,TMEM150C
2008,RRAD
2009,AC016705.2
2010,ORC1
2011,MED23
2012,ZNF544
2013,TSSK4
2014,AC007952.7
2015,ZNF41
2016,SCUBE3
2017,LINC01284
2018,ROPN1B
2019,RNASE7
2020,ZSCAN5B
2021,HOXB3
2022,NRDC
2023,PNLDC1
2024,LINC02315
2025,ABCB11
2026,PTGS2
2027,ZNF347
2028,SIM2
2029,BAG3
2030,ASB2
2031,AC061975.6
2032,SLC20A1
2033,PGC
2034,RNASEL
2035,PPAP2B
2036,ZBTB37
2037,C8orf37
2038,C7orf31
2039,KYAT3
2040,IL1B
2041,AL512625.3
2042,CXCR5
2043,AC011477.4
2044,SERPINB9
2045,C21orf62.AS1
2046,AC009093.2
2047,MIGA2
2048,CCDC170
2049,PIR
2050,JRKL
2051,CD68
2052,AC099509.2
2053,ACVR2A
2054,FAM135B
2055,STIL
2056,GBP1
2057,BTBD19
2058,AC007998.3
2059,FAM133A
2060,AC087500.2
2061,NEDD9
2062,AGAP5
2063,COL13A1
2064,AL592435.1
2065,SLC8A1
2066,CPLANE2
2067,TRIP4
2068,RRN3
2069,ZSCAN12
2070,ZNF695
2071,HRNR
2072,TDRD7
2073,LINC01473
2074,ELOVL3
2075,CBX3P2
2076,CD274
2077,PHLDA1
2078,CLDN10
2079,LINC02331
2080,MFSD14A
2081,RASGRP1
2082,LIPG
2083,ANGPTL3
2084,FSTL3
2085,PSMC3IP
2086,LEPR
2087,DELE1
2088,AL078601.2
2089,MAP3K21
2090,NEFL
2091,MCM2
2092,C11orf53
2093,EME2
2094,MMP26
2095,PIGN
2096,GEM
2097,SINHCAF
2098,B3GALT5.AS1
2099,ACSM3
2100,ZNF250
2101,NTNG1
2102,CRH
2103,ZNF774
2104,FAM212B.AS1
2105,NR4A1
2106,CD72
2107,LSP1
2108,AC244197.2
2109,HNRNPUL2.BSCL2
2110,PPP4R3A
2111,MDGA1
2112,FAM19A4
2113,AL359715.2
2114,AC068987.2
2115,EXO1
2116,AL365361.1
2117,ZNF329
2118,AC092634.3
2119,WASHC4
2120,SEMA3E
2121,GPC5
2122,SHC4
2123,CALB2
2124,PSORS1C1
2125,GPAT4
2126,CAMSAP1
2127,NCAPG
2128,IGFBP2
2129,LINC00930
2130,MIR99AHG
2131,CLIC4
2132,ALK
2133,DKKL1
2134,KCNE3
2135,DNMBP
2136,EYA2
2137,CABLES1
2138,TENM4
2139,PRODH2
2140,TACC3
2141,AL354977.2
2142,ZFP30
2143,LCP2
2144,PCDHGC5
2145,ADAMTS1
2146,AMER3
2147,GCSAML
2148,IL17C
2149,CCDC89
2150,TRIM5
2151,RETREG2
2152,IQGAP2
2153,OGA
2154,SIX3.AS1
2155,ZNF671
2156,ANKRD45
2157,CTSH
2158,ADAM11
2159,ST6GAL1
2160,KIF2C
2161,PLCL2
2162,CACNB4
2163,FICD
2164,FAM118A
2165,ERCC5
2166,DUSP2
2167,RSPH4A
2168,ZNF69
2169,PRKAR2B
2170,SATB2
2171,ULK4
2172,IL17D
2173,EME1
2174,TBC1D31
2175,AP003096.1
2176,GUCY1A1
2177,RESP18
2178,LOC388282
2179,AL049697.1
2180,ENHO
2181,LPIN3
2182,HSPA1B
2183,LOC101927394
2184,TBC1D24
2185,AGR2
2186,CLDN1
2187,GBP3
2188,HPCAL4
2189,AL512303.1
2190,RND2
2191,EHD3
2192,PRKCQ
2193,TK1
2194,AC079447.1
2195,LTC4S
2196,NEFM
2197,RNF219
2198,LRRC9
2199,ATP11C
2200,FLJ42969
2201,SYN3
2202,RGPD1
2203,UGT1A6
2204,B4GALT4
2205,DCSTAMP
2206,RNF217
2207,JCAD
2208,CEP250
2209,LOC101060553
2210,PDE1B
2211,ELMO1
2212,ZNF641
2213,B4GALT6
2214,ZNF519
2215,MIR600HG
2216,FEN1
2217,AL513165.2
2218,AC019155.3
2219,RTL8B
2220,VPS26C
2221,AC008770.2
2222,ROBO2
2223,SLC22A9
2224,LINC00901
2225,AC104211.1
2226,GRM7.AS3
2227,PEAK1
2228,ZNF429
2229,AFDN
2230,ASB9
2231,FLJ33360
2232,ZFP69B
2233,LOC100130476
2234,MRPS27
2235,LINC02175
2236,CELP
2237,TBX18
2238,AL138690.1
2239,EXO5
2240,TC2N
2241,ADAMDEC1
2242,STYK1
2243,WDR48
2244,STON1.GTF2A1L
2245,ALOX12B
2246,PPP1R14C
2247,MT.ND1
2248,TENM1
2249,MTREX
2250,PPEF1
2251,LINC02405
2252,CST6
2253,CDC6
2254,MDH1B
2255,AGBL4
2256,TTC30A
2257,AC114763.2
2258,TDO2
2259,RAG1
2260,IQUB
2261,BBOX1
2262,COL22A1
2263,GIMAP6
2264,S100A3
2265,GLYCTK
2266,RAD51AP1
2267,LDLRAD4
2268,GIMAP7
2269,ISX
2270,TMC5
2271,OTOGL
2272,GGT5
2273,CIPC
2274,INTS4
2275,ADCY10
2276,EDN1
2277,MAGEE2
2278,LINC01326
2279,ANKRD7
2280,IQCH
2281,SEMA3G
2282,SPOCK2
2283,PIGA
2284,SLC38A8
2285,SLC16A14
2286,NUP62CL
2287,SFTPC
2288,ZCWPW2
2289,CYTOR
2290,ASB4
2291,STMN4
2292,AL157884.2
2293,ZNF426
2294,ALKBH8
2295,LILRB2
2296,CACNA1E
2297,TTLL13P
2298,DNAJB1
2299,TRAM1L1
2300,LST1
2301,LGI1
2302,ASB5
2303,CFAP221
2304,CCND2
2305,SMOC2
2306,SERPINB9P1
2307,AC024560.1
2308,FAM171B
2309,ZNF254
2310,BICDL1
2311,TEKT5
2312,KRBOX4
2313,LY86
2314,C3orf49
2315,ZNF239
2316,AHNAK2
2317,PSAT1
2318,IL5RA
2319,DSE
2320,PALM2
2321,TLDC2
2322,LOC148709
2323,DCLRE1A
2324,AC005498.2
2325,KBTBD11.OT1
2326,MTPAP
2327,AC007563.1
2328,MROH7
2329,NPL
2330,MT1HL1
2331,NPY1R
2332,LINC00638
2333,DACH2
2334,TMEM121B
2335,BEST2
2336,GABRG2
2337,FGF1
2338,KCND2
2339,AC008691.1
2340,C11orf52
2341,PCDHGA7
2342,MELK
2343,SOX12
2344,TAAR1
2345,TRIM6.TRIM34
2346,DOCK5
2347,ZNF10
2348,IFI44
2349,KMT5B
2350,AC111152.2
2351,PPM1H
2352,NUPR1
2353,SEPT7.AS1
2354,LINC01446
2355,AURKA
2356,AL035250.1
2357,MIR155HG
2358,AC006254.1
2359,KANK3
2360,COL6A6
2361,ACRBP
2362,EFNA5
2363,AL117190.1
2364,RASAL3
2365,PPP1R15A
2366,LOC102723927
2367,PLA1A
2368,NRADDP
2369,RFPL1
2370,LINC00950
2371,MUC13
2372,LINC00937
2373,PRSS21
2374,ANGPTL2
2375,GLB1L
2376,PTRF
2377,DNM3
2378,NSMAF
2379,LINC01715
2380,KITLG
2381,C5orf17
2382,PKDREJ
2383,AC124312.3
2384,TRIM6
2385,FLT4
2386,LUC7L2
2387,CLTRN
2388,ATRNL1
2389,LINC01933
2390,ZNF736
2391,DPT
2392,THNSL1
2393,NORAD
2394,MALT1
2395,P2RX1
2396,C9orf135
2397,KLF10
2398,CCDC136
2399,ZNF518B
2400,PMEL
2401,SERPINB4
2402,ZNF350.AS1
2403,WDR17
2404,ASB12
2405,ELMO2
2406,RASL11B
2407,HMGN2
2408,ARHGAP25
2409,MIR133A1HG
2410,COL4A4
2411,SLC35F4
2412,AC007952.5
2413,EYA1
2414,ZNF552
2415,AC008915.2
2416,PAQR8
2417,CDC25C
2418,SYCE1
2419,CHST15
2420,RSPH14
2421,SLC45A2
2422,VGF
2423,CCDC144NL
2424,TUBB1
2425,WHRN
2426,AL035071.1
2427,FAM212A
2428,TNFRSF4
2429,HOXB5
2430,ARC
2431,GPAM
2432,ZNF823
2433,ERMAP
2434,LY75.CD302
2435,MFGE8
2436,CDCP1
2437,CAPN14
2438,PLPP7
2439,ASMTL
2440,C3orf52
2441,FOS
2442,LINC01534
2443,EBLN2
2444,MTMR10
2445,ZNF484
2446,RAPGEF5
2447,CATSPERE
2448,PHACTR1
2449,BABAM2
2450,BX005019.1
2451,CD86
2452,EHMT1.IT1
2453,CDC7
2454,AC008080.4
2455,ACTRT3
2456,SLC35C1
2457,ADAMTS14
2458,CEP97
2459,B4GAT1
2460,LINC01597
2461,CASC10
2462,ZNF75A
2463,TBC1D29
2464,BZW1
2465,GLCCI1
2466,AKR1C4
2467,AC097652.1
2468,GAB2
2469,IKZF4
2470,SORL1
2471,CCDC191
2472,PDE6C
2473,POMGNT2
2474,GIPC2
2475,URB2
2476,FCRLA
2477,KCNIP4
2478,ZNF525
2479,MRVI1
2480,RCBTB2
2481,SELENON
2482,STON2
2483,SLC4A4
2484,EML5
2485,HS3ST2
2486,AL163636.2
2487,ZNF700
2488,LINC01504
2489,AP006222.1
2490,EMSY
2491,SLC22A16
2492,LINC02562
2493,PRDM6
2494,MIOS
2495,C3AR1
2496,CHRM3
2497,TNFRSF11B
2498,C15orf48
2499,ARHGAP20
2500,CARMIL3
2501,CXCL5
2502,VSX1
2503,ZBED9
2504,SYTL3
2505,KLF11
2506,GPR132
2507,RTKN2
2508,SLC8A3
2509,FOXF2
2510,LOC101928834
2511,AC012370.2
2512,PPP1R16B
2513,PRIMA1
2514,BBS12
2515,SNX33
2516,FAM237A
2517,ZNF354A
2518,DDAH1
2519,GFPT2
2520,FLRT3
2521,TTK
2522,SPRR3
2523,RAMP3
2524,SPATS1
2525,PRTG
2526,AC099811.3
2527,OPALIN
2528,ZFP90
2529,SLC17A1
2530,MORC2
2531,C18orf25
2532,OAS2
2533,ASTN1
2534,CFP
2535,ACOX2
2536,CA14
2537,NNAT
2538,SELENOT
2539,TFF1
2540,AP000550.2
2541,AC126335.1
2542,ABHD1
2543,EFR3B
2544,SAMD13
2545,CCL3
2546,COLEC10
2547,LRMP
2548,CHST3
2549,LRRC43
2550,LINS1
2551,AIRE
2552,MBOAT1
2553,ARRDC4
2554,RMND5A
2555,SOX17
2556,NOS2
2557,SMR3B
2558,AC040977.1
2559,ZNF83
2560,KCTD4
2561,MTMR8
2562,APOC3
2563,SHC3
2564,AC009126.1
2565,DKK1
2566,PTCD2
2567,SLC35F2
2568,SARAF
2569,TMEM202.AS1
2570,SELENOO
2571,ADAM19
2572,PPM1J
2573,ABCB4
2574,FAM189A2
2575,AC093323.1
2576,FGF20
2577,DLGAP5
2578,MT.ND6
2579,PGM2
2580,MUC16
2581,AC145343.1
2582,MMP9
2583,GALNT14
2584,HACD3
2585,CYP24A1
2586,PSG1
2587,NCBP2L
2588,LPIN2
2589,VEPH1
2590,CD99L2
2591,CYP4F11
2592,CCL28
2593,MEP1B
2594,TCTEX1D1
2595,FPR3
2596,DIO1
2597,C16orf54
2598,COL25A1
2599,HTRA1
2600,CAVIN2
2601,AC104063.1
2602,GPC3
2603,FUT10
2604,OR52R1
2605,CCM2L
2606,GAPT
2607,C10orf67
2608,AC084819.1
2609,APCDD1L
2610,ZNF70
2611,PWAR6
2612,ASGR1
2613,MTERF4
2614,DES
2615,RNGTT
2616,ANXA9
2617,RIPK2
2618,DDX58
2619,LRRC4C
2620,TSPAN11
2621,TSPAN1
2622,ADGRD1.AS1
2623,AC007938.1
2624,IGSF1
2625,KBTBD7
2626,RBP5
2627,AL049612.1
2628,FXYD7
2629,LINC01436
2630,SLC39A10
2631,GEN1
2632,LOC100652824
2633,FAM83D
2634,C20orf202
2635,FBXO38
2636,KIAA1211
2637,ZNF175
2638,CD38
2639,AC010522.1
2640,HIST1H1D
2641,ZNF350
2642,TROAP
2643,PDE6G
2644,PHETA1
2645,NUF2
2646,ITGA11
2647,INTS2
2648,JPH3
2649,AC009163.2
2650,TEKT2
2651,P2RY13
2652,NPAS4
2653,FBN2
2654,TMEFF1
2655,CNKSR2
2656,SPHK1
2657,MFSD14C
2658,NCBP3
2659,AL445193.2
2660,MFSD2A
2661,AP003392.4
2662,ZSCAN23
2663,ZNF419
2664,SAA2.1
2665,UGDH
2666,EPHA5
2667,DCLK3
2668,BX088651.1
2669,DNAH5
2670,TICRR
2671,TMEM74
2672,DLG2
2673,FAH
2674,CCDC160
2675,AP000766.1
2676,NODAL
2677,LOC440602
2678,HDC
2679,POLA1
2680,AC055758.1
2681,TRIM36
2682,CTB.113P19.1
2683,SULT1E1
2684,AL133325.2
2685,UGT2B15
2686,DDX31
2687,RPS6KB1
2688,CRISP2
2689,LAYN
2690,C22orf46
2691,Z83851.1
2692,CNTD2
2693,HSPB3
2694,SPHKAP
2695,KIAA0753
2696,OBSCN
2697,PTCHD3
2698,AL162411.1
2699,LOC284648
2700,ERVFRD.1
2701,LINC00623
2702,CRKL
2703,SPAG8
2704,NAALAD2
2705,SELENOP
2706,KCNV2
2707,GOLGA6A
2708,ZNF257
2709,TRMT5
2710,NCF2
2711,GJA9
2712,SLC10A6
2713,NES
2714,INHBB
2715,KLRG1
2716,LINC01522
2717,NUSAP1
2718,PBK
2719,EPHX3
2720,SUCNR1
2721,SCUBE2
2722,GPATCH2L
2723,TUT7
2724,CNTRL
2725,CRAMP1
2726,DDX11.AS1
2727,ZNF488
2728,ZNF425
2729,FRMPD4
2730,GCDH
2731,CHURC1.FNTB
2732,VN1R1
2733,ZRANB3
2734,UBXN7
2735,F5
2736,SOX9
2737,BX284668.2
2738,B4GALNT1
2739,LINC00284
2740,CDYL2
2741,CPXM2
2742,FANCA
2743,HADH
2744,LINC01614
2745,NSMCE3
2746,ISM2
2747,NOX4
2748,ABRA
2749,LINC01279
2750,MERTK
2751,TPSD1
2752,EFHC2
2753,IL23A
2754,MAG
2755,RNF144B
2756,F13A1
2757,AL359922.1
2758,BORA
2759,ZMYND12
2760,KY
2761,UCN2
2762,EFCAB8
2763,LINC01268
2764,ORM1
2765,DDX39B
2766,CENPK
2767,LINC01629
2768,PPP2R5D
2769,GNG11
2770,HRH1
2771,PCSK1
2772,TRPM5
2773,AC048338.1
2774,HS6ST1
2775,CEP85
2776,NPIPB12
2777,AC020661.1
2778,ZHX3
2779,CACNG2
2780,FAM167A
2781,SLC5A8
2782,GPR158
2783,HIST1H2BC
2784,MCMDC2
2785,AC020909.2
2786,APOBEC3G
2787,CSF2
2788,KIAA0319
2789,TTC17
2790,ZNF18
2791,TYMP
2792,L3MBTL3
2793,MIR9.3HG
2794,AC026786.1
2795,CPEB1
2796,EID3
2797,VSIR
2798,SLC40A1
2799,LINC02197
2800,KRT24
2801,PGM5
2802,LINC01481
2803,ZBTB6
2804,AXDND1
2805,MB21D2
2806,TTC21B
2807,GLI2
2808,FABP2
2809,KLHL1
2810,ALKBH3.AS1
2811,FBXO32
2812,EGFLAM
2813,MCM10
2814,PRX
2815,AC016757.1
2816,MYH4
2817,ACSM4
2818,SULT1A3
2819,GFOD1
2820,ARHGEF5
2821,VSIG2
2822,TSC1
2823,PPM1M
2824,BLZF1
2825,AC067968.1
2826,RHBDD1
2827,NCKAP1L
2828,ANO2
2829,AC008736.1
2830,SLC24A1
2831,TG
2832,LAS1L
2833,MMP12
2834,LILRB5
2835,RGS6
2836,GALNTL6
2837,MAGEA8
2838,CDC45
2839,GPR84
2840,LUCAT1
2841,NCAM2
2842,KLHL10
2843,AC009495.3
2844,SMCO3
2845,COL10A1
2846,IL7R
2847,ATP6V1G2
2848,C11orf94
2849,RACK1
2850,ZNF296
2851,CALCB
2852,GRAPL
2853,PATZ1
2854,TNFRSF1B
2855,PRPH2
2856,COL12A1
2857,AC092803.2
2858,CKAP2
2859,SYBU
2860,KSR1
2861,TP53TG3
2862,LSMEM1
2863,COL7A1
2864,TLN2
2865,BLOC1S5.TXNDC5
2866,OLFM3
2867,PTAFR
2868,SLC38A3
2869,AP001267.1
2870,CYP4F3
2871,ZNF844
2872,LINC00379
2873,PCDHA4
2874,HLX
2875,RASD2
2876,C22orf23
2877,AC140125.2
2878,MEG3
2879,ARHGAP42
2880,NOXRED1
2881,ADAL
2882,TEDC2
2883,AC092378.1
2884,SLC30A7
2885,LINC02415
2886,CCDC121
2887,NRIP1
2888,GLRA3
2889,RC3H2
2890,PTCH2
2891,MUC20
2892,PRDM10
2893,NKX2.5
2894,CHSY1
2895,MYO7B
2896,SYT9
2897,ZPLD1
2898,MIR4435.2HG
2899,FBXL7
2900,LHX6
2901,CYP19A1
2902,LINC01833
2903,ABCF2
2904,RASD1
2905,SIPA1L2
2906,BMX
2907,ZCCHC12
2908,SLC26A9
2909,AC005041.1
2910,LINC01353
2911,SOCS5
2912,SLC17A6
2913,TEKT1
2914,BPIFA1
2915,MRTFB
2916,LINC00654
2917,OCLN
2918,LINC01797
2919,FAM160A1.DT
2920,TRPC4
2921,RGPD2
2922,EFNB2
2923,AC003035.2
2924,CPLANE1
2925,C22orf34
2926,RANBP6
2927,TMEM262
2928,TRDMT1
2929,UNC13B
2930,SULT1B1
2931,AC027702.1
2932,LTB4R
2933,ADH6
2934,KRTAP5.9
2935,ZNF404
2936,SLC27A2
2937,NUP205
2938,EIF4A1
2939,HMX3
2940,SELL
2941,NFIA.AS2
2942,AQP9
2943,ACSL1
2944,AC008269.2
2945,CACNA1F
2946,SIGLEC17P
2947,KRBOX1.AS1
2948,AC005332.2
2949,TGFBR2
2950,RPRM
2951,SPAG5
2952,RAD54B
2953,SLC5A3
2954,CDC23
2955,CYP27B1
2956,MIR646HG
2957,HSPBAP1
2958,AGAP6
2959,ZNF485
2960,AC108474.1
2961,WDFY4
2962,CCND1
2963,AP003115.1
2964,CDH2
2965,OR4F17
2966,TCFL5
2967,DCHS2
2968,C8orf46
2969,IGFBP7
2970,CD9
2971,CEP192
2972,PARVG
2973,AC008543.1
2974,P2RY8
2975,THBS4
2976,SLCO3A1
2977,ZBBX
2978,FLRT2
2979,AL136537.2
2980,NAALADL2
2981,AC107958.3
2982,G6PC2
2983,ATP5PB
2984,LPAR5
2985,AL355102.2
2986,AP001528.1
2987,ST8SIA5
2988,ID3
2989,NCCRP1
2990,SIGLEC12
2991,TRPV2
2992,ANLN
2993,SFRP5
2994,AL118508.1
2995,ZMAT1
2996,LOC101928063
2997,LRFN5
2998,AC122710.1
2999,AC091013.1
3000,AL357078.1
3001,PAX5
3002,AL132800.1
3003,SERPINB3
3004,UTS2
3005,SLC6A13
3006,OGG1
3007,GAL
3008,PIK3CA
3009,CYR61
3010,NSD3
3011,TEX40
3012,GAP43
3013,LINC00242
3014,ZNF613
3015,MSR1
3016,CTSD
3017,GPX8
3018,LINC01424
3019,AC024908.1
3020,AP000349.1
3021,BTN3A3
3022,NRG3
3023,ZNF423
3024,DNAH10OS
3025,F2R
3026,LOC100505795
3027,CYBC1
3028,ZNF114.AS1
3029,AC093227.1
3030,SPATA16
3031,ZNF517
3032,FBXW10
3033,KLHL23
3034,FAM198B
3035,SULT1A4
3036,AL023284.4
3037,OXER1
3038,RAP2B
3039,ZWINT
3040,CSF3
3041,SLFNL1
3042,ZBED8
3043,FP700111.1
3044,LOC100128076
3045,ZNF226
3046,TMEM200C
3047,AC140725.1
3048,AL139383.1
3049,TECTA
3050,ADAMTS18
3051,GAD1
3052,RRAGD
3053,AL139280.1
3054,CD163
3055,PIP4K2A
3056,AC010980.2
3057,TMEM169
3058,BLOC1S3
3059,RGPD6
3060,HKR1
3061,DUSP7
3062,CD4
3063,CHRNA10
3064,PGLYRP2
3065,ATP5MF.PTCD1
3066,PDGFB
3067,SERPINA11
3068,ARHGAP30
3069,RHOJ
3070,COLQ
3071,CYTIP
3072,XPO4
3073,ZC4H2
3074,AL136295.2
3075,C9orf72
3076,MT.ATP6
3077,ERCC6L
3078,LOC101928539
3079,ADAT2
3080,FGF2
3081,AL033384.1
3082,SDC1
3083,KLHDC7B
3084,CD99
3085,AP001458.2
3086,RETREG1
3087,CRACR2A
3088,KRTAP12.3
3089,CCDC198
3090,KRTAP4.12
3091,CDKN3
3092,DISP3
3093,C2orf27B
3094,MRE11
3095,RCN3
3096,PLXDC2
3097,CABP7
3098,POFUT1
3099,ODF3L1
3100,ZXDA
3101,C14orf180
3102,AC098484.2
3103,ZNF383
3104,AF111169.1
3105,TMCC1
3106,ARMC12
3107,AC007638.1
3108,JPT1
3109,IQCG
3110,TAS2R43
3111,CD69
3112,ETS1
3113,AC104365.3
3114,DAB2
3115,P2RY2
3116,AL158166.2
3117,DCAF4L2
3118,CNTNAP5
3119,ATP5F1A
3120,AC093155.3
3121,SRPRB
3122,ARG1
3123,AC113349.1
3124,ZNF586
3125,AC127024.2
3126,TLR8
3127,PATJ
3128,CLEC1A
3129,CPVL
3130,P2RX6
3131,HOXD3
3132,STPG4
3133,KCNJ15
3134,MYH15
3135,TBCK
3136,C5orf22
3137,ZNF300P1
3138,KRTAP1.1
3139,GSDME
3140,OMD
3141,SLC25A19
3142,DHX16
3143,RXFP1
3144,GSAP
3145,SLC22A31
3146,OR1Q1
3147,SH2D6
3148,TEC
3149,LINC01719
3150,LINC02389
3151,ABLIM3
3152,BCL2
3153,CXCR6
3154,SALL2
3155,ZSCAN21
3156,POLE2
3157,AC004585.1
3158,RELN
3159,AC135050.2
3160,LOC100129316
3161,CENPA
3162,ARHGAP26.AS1
3163,EGLN2
3164,FAM159B
3165,FBXO41
3166,ANKK1
3167,LIN52
3168,ACKR2
3169,IL1RAPL1
3170,CKMT1B
3171,TBX19
3172,ANKRD28
3173,EFNA1
3174,LGI2
3175,KCNH7
3176,DUSP10
3177,AC103736.1
3178,NIPAL4
3179,AC009097.3
3180,ART4
3181,NLRC4
3182,RAB22A
3183,AC103831.1
3184,PLEKHG1
3185,P2RY10
3186,SLC5A4
3187,ALOX12.AS1
3188,ZSWIM3
3189,GABPB1
3190,DNAH6
3191,BICD2
3192,IGFBP6
3193,HIST1H2AJ
3194,CFAP97
3195,DDIT3
3196,TLL1
3197,AQP4
3198,AC106712.1
3199,LINC00856
3200,METTL7B
3201,TTLL7
3202,PCDHGB6
3203,LINC02454
3204,TSR1
3205,VSTM4
3206,MMACHC
3207,ZNF79
3208,C11orf87
3209,GBP2
3210,AP002784.1
3211,SARM1
3212,AC005840.2
3213,ANKRD50
3214,AC087289.3
3215,AC112493.1
3216,ANKRD2
3217,BLOC1S5
3218,FOLR3
3219,SYTL2
3220,ZNF248
3221,GOPC
3222,MXD1
3223,AC091987.1
3224,ZSWIM2
3225,SLC26A4.AS1
3226,SLC26A3
3227,HR
3228,LRRIQ1
3229,EIF3C
3230,AC233266.2
3231,LRIT2
3232,PSD3
3233,LOC101926963
3234,PROKR2
3235,ABI3BP
3236,AC007064.2
3237,PUM3
3238,LINC00441
3239,C19orf67
3240,TEKT3
3241,SBK2
3242,MEPE
3243,AC243960.3
3244,KRT1
3245,CSNK1G2.AS1
3246,EXOC2
3247,AC015961.1
3248,SLC16A2
3249,UBQLN3
3250,GLYATL3
3251,ARHGAP27
3252,AC026803.2
3253,LINC02159
3254,AC096751.1
3255,AL133279.3
3256,OR52A5
3257,FYB1
3258,KLHL7.DT
3259,HCAR2
3260,PLEKHH2
3261,DNAJB5.AS1
3262,CXCR3
3263,C6orf106
3264,SRPX
3265,CEP72
3266,RNF168
3267,AC093151.3
3268,AC009120.3
3269,CDK14
3270,HSPB7
3271,DPCR1
3272,ZNF474
3273,CSN2
3274,CYTL1
3275,SH2D1A
3276,AC010547.4
3277,ZNF395
3278,UPK3A
3279,AC022535.1
3280,OR6C65
3281,KLRC1
3282,AC122688.2
3283,CCNA1
3284,HAUS6
3285,MIR3179.2
3286,AC003985.2
3287,LINC02392
3288,LINC02484
3289,LINC01538
3290,SRGAP3.AS4
3291,MIR3142HG
3292,LOC101927285
3293,CCDC147.AS1
3294,AL035420.1
3295,FAM183BP
3296,AC005833.2
3297,JAML
3298,AC072022.1
3299,AC068775.1
3300,AC098680.1
3301,AC107079.1
3302,OR4F4
3303,XKRX
3304,ARHGEF26
3305,TMEM171
3306,YWHAZ
3307,DTX1
3308,SERPINA6
3309,SAP30L.AS1
3310,SH2B3
3311,AC090092.1
3312,LOC100506801
3313,AOX1
3314,C7orf71
3315,FRZB
3316,UBR7
3317,LRRC37B
3318,FOXF1
3319,ANKRD6
3320,GOLGA8J
3321,CD6
3322,NLRP11
3323,GYPE
3324,SLC34A3
3325,GRAP2
3326,LRP1B
3327,PDGFA
3328,MFSD14B
3329,GJA9.MYCBP
3330,RBMS1
3331,LINC00992
3332,NIPAL1
3333,BRWD3
3334,LMCD1
3335,SPRN
3336,FAM92A
3337,RIPPLY1
3338,ZNF74
3339,LINC02154
3340,PRC1
3341,APLF
3342,BTBD18
3343,CLUL1
3344,CCDC85A
3345,MYBPC3
3346,MOGAT1
3347,TCP11X2
3348,ZNF189
3349,LINC01945
3350,RASGRF2
3351,PADI1
3352,FKBP10
3353,KCTD15
3354,RDH10
3355,PLCB1
3356,MGAT5
3357,RAB37
3358,TIGD3
3359,EEF1AKMT2
3360,AP000365.1
3361,RAB41
3362,LOC102724550
3363,PDZD9
3364,BEND3
3365,AL132780.3
3366,CELF2
3367,DPYSL2
3368,STX19
3369,AC245748.1
3370,LIF
3371,LINC00920
3372,MUCL1
3373,SLC4A10
3374,ERVE.1
3375,LOC101929395
3376,LOC101929698
3377,CYGB
3378,SLX1B
3379,ANKFY1
3380,PTGIS
3381,AGPAT4
3382,MYOCD
3383,PYGO1
3384,LOC101929570
3385,RNF43
3386,DIRC3
3387,ANKRD31
3388,UQCC3
3389,BGLAP
3390,NGF
3391,PTGFRN
3392,TMEM45B
3393,AL132655.2
3394,LOC100420587
3395,BTC
3396,ADAT1
3397,PLK1
3398,LOC100996251
3399,AC007876.1
3400,ATP7A
3401,RWDD2B
3402,UGT8
3403,FAM111A
3404,ZNF12
3405,RAC2
3406,OR2AG1
3407,CHRNA2
3408,ABHD4
3409,LOC100996583
3410,AC007365.1
3411,PLK4
3412,KANSL3
3413,GTSE1.AS1
3414,AC055811.3
3415,TMEM231
3416,KCTD9
3417,DARS2
3418,EIF3CL
3419,FYB
3420,DPP4
3421,FGF7
3422,AC124312.1
3423,ZNF564
3424,HILPDA
3425,MBOAT4
3426,PCDHGA2
3427,KBTBD4
3428,GLOD5
3429,MARCH1
3430,AC010132.4
3431,UBXN2B
3432,MFAP3
3433,SLC30A6
3434,AC007389.1
3435,GIPR
3436,AC023034.1
3437,USF3
3438,DBF4
3439,GNA13
3440,SLC6A6
3441,VEGFD
3442,SCARF1
3443,JAK2
3444,AMACR
3445,CCDC87
3446,AC082651.3
3447,EPHA8
3448,ZCCHC2
3449,CASR
3450,AC027018.1
3451,SNHG22
3452,IGFL3
3453,AL022316.1
3454,VPS8
3455,PLS3
3456,CMYA5
3457,PAXX
3458,SLCO2A1
3459,HSD3BP4
3460,LINC01303
3461,TNFAIP3
3462,GART
3463,AC087257.1
3464,TTLL4
3465,NUP35
3466,PLCD4
3467,CASP5
3468,MAD2L1
3469,ZNF711
3470,REEP1
3471,SULF2
3472,OXTR
3473,ZFP3
3474,MACROD2.AS1
3475,ZNF846
3476,SGF29
3477,CDKL1
3478,SEC31B
3479,SSUH2
3480,TMEM144
3481,ZNF781
3482,TULP4
3483,PLD6
3484,TMEM132C
3485,NLRP10
3486,H1F0
3487,RIMKLB
3488,MTHFD2
3489,CIDEB
3490,PPM1E
3491,TRIM9
3492,AC025165.3
3493,ADORA1
3494,NOX3
3495,HIST2H3PS2
3496,HSPA1A
3497,LINGO2
3498,HIST1H1A
3499,SCYL3
3500,NHEJ1
3501,NDST4
3502,NDC1
3503,EIF2D
3504,MIR708
3505,ACER2
3506,RFWD3
3507,DNAH8
3508,SKA3
3509,LOC101927557
3510,TDG
3511,SOX2.OT
3512,LOC101928103
3513,PRELID3B
3514,KCNH4
3515,LINC01290
3516,ZNF548
3517,HS3ST5
3518,FREM1
3519,CD1D
3520,PPP1R14A
3521,ABCA10
3522,LINC01416
3523,UBAC2.AS1
3524,GTF3C4
3525,ARPC4.TTLL3
3526,DEPDC1B
3527,SEMA4A
3528,ACTBL2
3529,LHFP
3530,TNNI2
3531,RPUSD4
3532,ODR4
3533,UGT2B7
3534,CDC25A
3535,SLC25A12
3536,LINC00881
3537,NECTIN1
3538,DEPDC1
3539,ZNF691
3540,ALDOC
3541,NR4A2
3542,FAM64A
3543,LHFPL1
3544,ANKRD20A2
3545,MOXD1
3546,ZNF543
3547,AC007161.1
3548,DAB1
3549,UPP1
3550,KIAA1024
3551,IRGQ
3552,SLAMF9
3553,CSRP3
3554,ZNF44
3555,BVES.AS1
3556,HECW2
3557,AC233723.1
3558,ZNF493
3559,HDX
3560,MTFR2
3561,PAXIP1
3562,SLC26A2
3563,CXCL12
3564,ARNTL
3565,CDC42EP1
3566,ZNF487
3567,ZSWIM5
3568,AL080250.1
3569,ARL10
3570,GIMAP8
3571,ZNF3
3572,CD7
3573,ONECUT2
3574,NMBR
3575,ABCA4
3576,NABP1
3577,ADAM22
3578,DNAI1
3579,MED12L
3580,AL121672.1
3581,AC021483.1
3582,BIRC7
3583,CDX2
3584,C16orf70
3585,AC129492.1
3586,KCNH3
3587,WAPL
3588,IGSF5
3589,UMAD1
3590,LGALS3
3591,LOC400863
3592,WBP1L
3593,ID2
3594,COL11A1
3595,CDC42BPA
3596,PLXNC1
3597,SAP130
3598,CSRP2
3599,SLC44A4
3600,ZNF766
3601,GRPEL2
3602,TKTL1
3603,ENPP1
3604,CYP2J2
3605,LOC414300
3606,RAB6C
3607,CCDC146
3608,MSS51
3609,DUOXA1
3610,UCK2
3611,AP4B1
3612,HIVEP2
3613,TP53TG3C
3614,AC019117.1
3615,MCUB
3616,ZNF501
3617,SELENOS
3618,SULT1C2
3619,EFEMP1
3620,SATL1
3621,ZBED1
3622,LINC02603
3623,FASTKD3
3624,KDM4D
3625,ZNF180
3626,TNFRSF10C
3627,HOXA3
3628,PCDHGB3
3629,AL365356.4
3630,AL161719.1
3631,LOC388882
3632,OTUB2
3633,NIN
3634,ERCC6
3635,NPR1
3636,AC011511.1
3637,CYLD
3638,MROH8
3639,FAM224A
3640,PALMD
3641,CKS2
3642,MTRR
3643,COL18A1
3644,PODN
3645,RAD54L2
3646,DDI2
3647,KLKB1
3648,AC010619.1
3649,RHOU
3650,GPATCH2
3651,FAT4
3652,COL6A1
3653,SLC18A2
3654,TP53INP1
3655,LINC00961
3656,AC002070.1
3657,CCDC40
3658,WWC2.AS2
3659,FAM13C
3660,EPHA3
3661,CUBN
3662,PLG
3663,AC106053.1
3664,GTF3C3
3665,QSER1
3666,DIXDC1
3667,STEAP3
3668,ZNF19
3669,SPRR1A
3670,AC012123.1
3671,PHF10
3672,LRIG1
3673,AC091551.1
3674,HHIPL2
3675,FAM182B
3676,LOC100506082
3677,LOC338963
3678,SLC14A1
3679,SIGLEC5
3680,OLFML3
3681,LOC101929427
3682,ESR2
3683,PANK1
3684,LINC02060
3685,VOPP1
3686,BFSP1
3687,GLUL
3688,POLR3B
3689,KLHL29
3690,KCNS3
3691,PLA2G10
3692,CD302
3693,AC112196.1
3694,AC006504.5
3695,ROBO1
3696,PAQR5
3697,LOC286190
3698,ZFP91.CNTF
3699,AP3S2
3700,CYP2U1
3701,NBEA
3702,USP18
3703,ZNF551
3704,C21orf91
3705,METTL13
3706,SNX30
3707,HHIPL1
3708,MRM2
3709,C16orf47
3710,AREL1
3711,MKRN2
3712,INPP5D
3713,TIGD6
3714,AL137802.2
3715,AC022809.1
3716,MSANTD2
3717,STAG1
3718,APOBEC4
3719,ABHD18
3720,MAP3K5
3721,WASH4P
3722,FAM87B
3723,HLA.DPB1
3724,ZCWPW1
3725,HNRNPA1
3726,NCF4
3727,KLHL7.AS1
3728,AC068196.1
3729,NPR2
3730,SETBP1
3731,PRMT5
3732,LCMT2
3733,COCH
3734,TRIM39
3735,NEK10
3736,IQCB1
3737,LYL1
3738,STEAP4
3739,CGN
3740,SLIT1
3741,FABP12
3742,GTF2H1
3743,CLHC1
3744,CFAP298
3745,DCUN1D4
3746,LINC00506
3747,ZNF567
3748,RIDA
3749,PCOLCE
3750,DOK3
3751,CHMP3
3752,ABHD6
3753,RAMP1
3754,EXOC6B
3755,LINC02361
3756,ZNF530
3757,CENPS.CORT
3758,STX16.NPEPL1
3759,PCSK9
3760,TUBB4A
3761,AL162231.3
3762,MYT1L.AS1
3763,C14orf39
3764,OR8D1
3765,GRAMD1C
3766,MME
3767,LINC02515
3768,PCDH20
3769,FNDC8
3770,FOXD4L4
3771,TCF24
3772,BEST4
3773,MS4A6A
3774,LOC101928961
3775,TMEM177
3776,LINC00427
3777,RTF2
3778,LOC285626
3779,VTN
3780,DMTF1
3781,TGIF2.RAB5IF
3782,RPS6KC1
3783,FAP
3784,MYOM1
3785,CPSF3
3786,PDE7A
3787,SH3PXD2B
3788,PSKH1
3789,PTH2R
3790,SLITRK2
3791,MESTIT1
3792,TSPYL5
3793,TIMM29
3794,OXCT1
3795,DRC1
3796,SLC22A13
3797,SWAP70
3798,AC084871.1
3799,GGT2
3800,LOC100507144
3801,DDX19B
3802,B3GNT5
3803,TTC28
3804,KIF20B
3805,PLXNA4
3806,ZNF532
3807,ZNF430
3808,AC010754.1
3809,LOC101927817
3810,ZNF587B
3811,HSD17B3
3812,RNF182
3813,AC016582.3
3814,AC245100.4
3815,C1orf145
3816,IGSF10
3817,EFCC1
3818,PLA2G4B
3819,C17orf80
3820,KCNH1
3821,BBS10
3822,PCDHGA12
3823,URB1.AS1
3824,ZNF449
3825,RAB21
3826,PEX12
3827,AC026464.3
3828,NAMPTP1
3829,ZNF417
3830,SLC23A1
3831,HSPA5
3832,ZNF143
3833,AC015818.9
3834,SMIM2.IT1
3835,SAMD9L
3836,LOC101927457
3837,AL513542.1
3838,CELSR1
3839,KLF3.AS1
3840,ACTA2
3841,MAP1A
3842,AC020915.1
3843,CYBA
3844,EFHD1
3845,ANKRD18B
3846,PATE1
3847,MDC1
3848,AC068647.2
3849,AC006213.2
3850,STOM
3851,LOC101927482
3852,FLRT1
3853,COLGALT2
3854,SLC38A6
3855,LRRC70
3856,ZNF619
3857,NPIPB15
3858,DUSP4
3859,GPCPD1
3860,KCNQ3
3861,CDH12
3862,RHEBL1
3863,DUXAP9
3864,MCRIP1
3865,LRRC66
3866,PLCH1
3867,DCLRE1C
3868,WDR3
3869,HSD3B1
3870,HLA.DOB
3871,ZNF561
3872,BAG5
3873,LINC01932
3874,LINC01592
3875,TCHH
3876,NRN1
3877,SEZ6
3878,HARBI1
3879,UEVLD
3880,GUCA2A
3881,PRSS54
3882,PPP2R2C
3883,AC132192.2
3884,AL021154.1
3885,LOC100129935
3886,PDGFD
3887,GALR2
3888,C15orf38.AP3S2
3889,ZBTB14
3890,LRRC37A2
3891,OTULIN
3892,LOC101927196
3893,PTGES3L
3894,PLCXD2.AS1
3895,LANCL1.AS1
3896,LINC02050
3897,CAP2
3898,ST8SIA3
3899,MSTN
3900,AC025283.2
3901,COL21A1
3902,MT.ND5
3903,EXOC3L1
3904,LOC100128239
3905,HSPA12B
3906,ING3
3907,COL6A4P1
3908,LRP8
3909,MTMR1
3910,LOC729966
3911,PLCB2
3912,PLEKHO2
3913,IL1A
3914,SNCAIP
3915,CFAP20
3916,RGMB
3917,FAM186A
3918,CYP2C8
3919,CLEC4A
3920,CNOT9
3921,BTBD11
3922,AC021439.1
3923,TSSK3
3924,MT.ND4L
3925,SLC16A1.AS1
3926,KLF4
3927,C20orf197
3928,TRIM68
3929,CTNND1
3930,ALDH1A2
3931,TATDN2
3932,PEX19
3933,PCDHGB1
3934,DNA2
3935,TNKS2.AS1
3936,STK35
3937,SCML4
3938,MYO5A
3939,HTR3A
3940,MTX3
3941,HOXD8
3942,LOC100507420
3943,AC023632.2
3944,SLC9B1
3945,PDCD11
3946,VAC14.AS1
3947,DERL2
3948,SYNE1
3949,CSTA
3950,SHROOM2
3951,MMP17
3952,DOCK8
3953,CLEC5A
3954,PREX1
3955,MSLN
3956,LRIT3
3957,TIGD2
3958,FAR2
3959,TTTY15
3960,CDCA5
3961,SPECC1L
3962,XYLT1
3963,AC110275.1
3964,FANCM
3965,NPSR1
3966,KC6
3967,TAS2R5
3968,C10orf62
3969,KIAA0586
3970,LMO7DN
3971,NR4A3
3972,SCRT2
3973,FBXO42
3974,NEGR1
3975,ZNF35
3976,FOLH1
3977,HIST1H2BJ
3978,CHRNG
3979,DPEP1
3980,LINC01091
3981,BLACAT1
3982,C6orf195
3983,AC022973.2
3984,GJD2
3985,AGTPBP1
3986,CNR1
3987,PRRG1
3988,LINC01144
3989,LINC01456
3990,TYRP1
3991,RCL1
3992,CDH16
3993,AFTPH
3994,PCDHB8
3995,TRIM61
3996,ECD
3997,VIM
3998,CD22
3999,AL008723.1
4000,GPR6
